"x","y","group","day"
333.032756004922,541.340475287245,"case",52
336.142773730945,543.346180966449,"case",46
341.47615240692,551.179421306902,"case",38
358.001580149709,534.320968986166,"case",42
382.318870431629,514.970692859894,"case",209
333.95669372841,540.765466126733,"case",58
335.829466828777,541.928968643989,"case",45
336.533393080018,541.388938717537,"case",61
334.396370091562,540.079582129596,"case",48
334.345499952976,542.632723325991,"case",69
335.868911504117,541.802699547673,"case",60
336.044285177134,542.256612882834,"case",45
333.517070798903,542.3925176218,"case",55
337.000709289427,541.845010159663,"case",42
335.361017669968,542.838378965141,"case",44
336.467976417495,543.242263339121,"case",53
333.989908156986,544.817754434988,"case",58
334.660479444764,541.082887857296,"case",53
335.602559698872,542.828747117702,"case",45
336.257281815427,545.498621890276,"case",66
336.506251470186,535.867923858313,"case",90
331.050577505307,539.637996266716,"case",71
335.325414179826,536.192155971754,"case",83
335.927582636382,534.323171119019,"case",47
333.987532827399,538.048907169685,"case",44
338.224029468509,550.81652461747,"case",52
339.367241076046,550.495129962895,"case",61
337.488278438407,549.44436880687,"case",25
337.757596628543,552.086641514626,"case",80
336.846907854346,549.220477732886,"case",70
335.207732194315,549.390057302707,"case",47
335.093864928423,547.903968953793,"case",60
334.039109828126,550.288145679561,"case",62
335.923957117224,545.580361167506,"case",54
337.294637552482,547.890631317632,"case",96
336.843834911947,547.428116645136,"case",46
340.075337739867,544.994291106152,"case",53
339.492656870286,546.509599220733,"case",52
340.720530239938,545.769302460086,"case",58
340.07302193386,546.908770453108,"case",31
338.396347944798,547.335363008259,"case",64
334.826270806664,546.054108537654,"case",45
337.033351711421,544.145361415506,"case",54
338.78671884486,544.739944994485,"case",45
336.421586349748,543.088390397129,"case",53
336.474953410017,543.017688277928,"case",48
338.650419248248,544.296430951535,"case",46
338.19025450631,545.844331691984,"case",52
336.741514124671,548.210332621887,"case",61
340.816599036785,550.493812412202,"case",74
340.878196725775,550.772067581807,"case",33
340.392010426641,550.831623517049,"case",39
341.833875682004,551.99979091696,"case",62
343.498410797502,550.546542202309,"case",88
346.004151117483,549.928951887244,"case",59
344.582341327898,549.143417507427,"case",92
343.296380819149,552.760273990517,"case",57
342.109788411026,552.600793358912,"case",131
344.035477996323,548.063298982104,"case",69
341.69037840639,549.697287867851,"case",98
344.983226409891,550.952181737546,"case",90
339.511420919308,550.566159086574,"case",66
339.987193945567,551.82200296439,"case",49
350.616857914734,549.676036364539,"case",64
345.822235901517,551.068115905482,"case",61
345.251430863005,551.711171413068,"case",88
348.040187327844,549.81027477091,"case",75
349.137907310853,551.323046828871,"case",70
350.284713121419,553.25118825199,"case",47
350.580065700886,550.011908455859,"case",52
350.642829369215,550.85311586045,"case",55
352.976122412587,549.294609322773,"case",44
351.15113920922,549.08492568319,"case",62
351.078031915415,548.326815885402,"case",68
351.226171311687,544.385365868258,"case",55
354.264263787619,545.061432885716,"case",50
353.413439800848,546.538074781403,"case",46
352.409613335005,545.934363073796,"case",41
369.477856152976,547.667669985563,"case",46
337.678161526092,535.436193822669,"case",57
339.397678547381,541.140007579032,"case",41
337.518002519366,543.890830081566,"case",44
336.380474363923,540.785010052227,"case",101
338.965065234175,541.724534314013,"case",39
334.941705840551,538.313450282617,"case",46
335.435740487451,540.451799743794,"case",56
336.698449842559,539.518246414384,"case",69
333.70802323787,539.881700374006,"case",67
333.707056001878,539.64435487888,"case",51
337.903929504053,540.91503788532,"case",49
337.65330726417,537.577270935563,"case",40
337.103766957768,537.100456989712,"case",55
350.591328135249,531.166458383542,"case",24
347.749573894002,532.790168282737,"case",41
349.143643934801,531.698149629476,"case",57
363.170727304863,531.67294545138,"case",46
362.698763635242,530.84007572916,"case",73
361.818676025363,532.663140390358,"case",66
362.789779188912,530.458145892692,"case",109
346.287194406309,533.93024529661,"case",50
350.216681501066,530.82815322451,"case",104
349.102757957692,529.196601713252,"case",35
346.305645379355,529.132660614278,"case",29
347.357292507811,529.878842576869,"case",47
343.646521054179,531.886446721347,"case",33
361.218516629434,540.265489935808,"case",53
356.730246816783,539.492109085238,"case",41
356.490727140611,539.981995974428,"case",75
358.904093077388,540.701411601222,"case",65
354.260926612095,535.905702441328,"case",39
352.412059187945,536.341825611528,"case",41
352.636334850917,536.266415457251,"case",37
354.986416357497,537.916082944771,"case",47
355.499218961088,536.507146265093,"case",53
354.062903799986,535.017571048023,"case",39
356.242920031434,538.093293745654,"case",34
355.58228977268,537.670006474684,"case",47
355.937476579431,535.159379495343,"case",40
342.164207766511,532.931978743194,"case",45
343.626268937172,533.712291987277,"case",42
343.879844052689,532.643401729379,"case",59
344.525639182609,541.404448551028,"case",35
344.884715666953,545.535915577847,"case",43
344.367380439242,547.139116006223,"case",39
350.108712361784,545.249780896077,"case",87
347.342833208173,544.391506273667,"case",76
348.108767040136,546.087361401945,"case",79
345.074595266825,542.198309156556,"case",43
349.588034530208,537.748791727095,"case",41
343.919572507133,542.852869711305,"case",59
347.063872963107,544.644123004291,"case",76
347.259568815406,544.23524821828,"case",67
348.064176073823,537.591205152728,"case",49
349.447208479028,547.32665391301,"case",42
345.169876488756,542.789680147461,"case",51
343.82487169891,547.002777745459,"case",67
344.01117860393,547.072584131494,"case",59
347.117146839966,541.679853773163,"case",92
349.964841964126,538.578486116355,"case",39
342.289459949387,547.830705792116,"case",43
345.940450628013,543.58534532249,"case",35
342.772952446494,547.695271591431,"case",62
349.225697234145,538.642091808278,"case",83
345.766805112096,548.510527823841,"case",70
347.134893306213,547.942814545845,"case",50
347.804307802961,540.082848884622,"case",24
343.894838844423,547.061210057385,"case",52
346.885848537617,544.682364779663,"case",100
343.348234896845,543.94641437244,"case",55
344.458415859934,545.734610685767,"case",33
343.370370928117,542.224367364801,"case",47
346.031130035991,540.382692380654,"case",40
346.769438637544,548.722868112791,"case",78
345.78439886755,546.948051898717,"case",67
347.233300811045,546.208141919157,"case",82
344.809099162409,542.726692218479,"case",42
357.36726771443,535.934787749089,"case",39
356.770960640821,537.428405881562,"case",32
356.749539561894,536.21561001732,"case",48
340.705844932762,526.957345088116,"case",31
360.197671511965,542.850928799839,"case",40
355.879574780208,545.523709150872,"case",52
359.789430054379,547.078794631903,"case",45
360.72922786493,542.762681154476,"case",74
358.03896822315,542.896366570601,"case",39
356.729426150725,544.400989083972,"case",40
357.804960952009,542.73024710794,"case",30
355.794686603139,542.673675497611,"case",22
358.022331558926,541.667018574433,"case",39
352.701090117809,542.26644413491,"case",37
356.825307313779,544.302206556643,"case",36
354.83325914372,531.013683528907,"case",40
357.108966937557,532.299592952534,"case",25
356.017571059461,534.244342795187,"case",38
353.176897045082,534.717590249324,"case",46
353.341119516737,537.936795132714,"case",29
350.584435343971,543.651598350969,"case",45
354.717645962748,541.092699490942,"case",39
351.840170802658,542.837547490253,"case",26
350.813365841075,541.342069298904,"case",35
357.186782964225,538.723071484975,"case",43
341.349775339443,526.425633178188,"case",29
342.645877093802,523.973788055899,"case",74
338.422600896244,536.517613816253,"case",49
341.30661041898,530.714936294424,"case",47
340.014432200785,530.222999773216,"case",28
336.026913384082,532.461339370963,"case",64
334.905718893769,533.189998730327,"case",54
340.103227278531,528.22469659119,"case",56
336.88934554097,534.479512207454,"case",56
336.974191723824,534.865037450143,"case",54
358.787186924651,538.602216244074,"case",42
360.83290108296,534.419505132638,"case",42
360.947558434912,535.209229581343,"case",37
360.960327287464,537.386994667738,"case",44
359.87960161136,533.435525929215,"case",45
361.400332607688,533.634543371564,"case",43
362.453042763121,536.727448812246,"case",47
348.612213089196,531.626487847452,"case",94
350.414437426006,534.768112788934,"case",49
352.972255219776,532.58134810346,"case",91
350.837731183919,535.114112050228,"case",33
352.540883825423,532.010458363249,"case",73
351.526398511176,534.135511230298,"case",46
342.511619068841,541.331275115019,"case",52
341.276299145808,535.972057911481,"case",42
343.896914125512,538.034103125866,"case",40
343.307770744642,539.094923828628,"case",50
343.62231438144,538.973528947703,"case",57
342.156651774096,537.1712416473,"case",66
345.439722408022,535.603871243856,"case",45
341.171260114131,534.164198735186,"case",35
341.874289678249,541.104010081016,"case",56
340.329692847344,538.931863725206,"case",41
345.227415551243,538.876605940329,"case",48
342.138810395665,538.64896229758,"case",49
343.549194050581,537.735113976703,"case",20
342.506425646414,543.436857191579,"case",70
342.580402818543,536.316238390561,"case",46
345.293534198302,540.233383993487,"case",41
344.856908976747,537.166443599126,"case",50
343.148551957382,541.027503909622,"case",45
341.64314550529,546.184342103602,"case",51
346.776579871271,536.229539076806,"case",43
338.990584641666,544.406103461995,"case",64
342.573119458876,540.865442186634,"case",59
343.678135506377,538.054849129464,"case",39
343.7086503439,534.233237168371,"case",49
345.787014397529,531.312438420269,"case",29
341.917655156148,545.14024583537,"case",35
342.434958218686,534.901612701675,"case",52
340.321056550369,533.147924664062,"case",53
366.878617125921,522.755585019094,"case",190
367.854097227128,520.631407945972,"case",196
368.3714484347,520.143058939035,"case",201
368.291573626003,518.226662388527,"case",144
371.11366386156,521.221289180764,"case",141
368.139669888954,520.45463305485,"case",178
368.714781886276,518.518773472405,"case",189
369.813081793796,520.638512720711,"case",194
368.374692084124,519.809911403583,"case",64
378.976189171309,515.403909120908,"case",68
377.176829322838,514.006118614591,"case",56
379.67386764554,511.577996307062,"case",206
382.062136769536,512.63935452066,"case",200
382.861442896185,511.448780400725,"case",80
373.327729007942,510.148279751664,"case",141
368.342764350657,512.166738951959,"case",149
367.754688489217,513.955820328506,"case",135
372.41256299363,511.714536209642,"case",125
368.396273417842,512.808075855276,"case",90
370.738175560836,512.111068596332,"case",146
370.524789069485,510.714195552019,"case",129
368.968391554308,512.653879545187,"case",206
366.13569695817,514.448833382796,"case",194
368.28871812937,512.257148331425,"case",142
369.641300701847,510.795977687377,"case",219
368.859529231959,513.1340809584,"case",213
368.401155049209,510.562256776704,"case",211
376.344317501842,514.672711063328,"case",196
376.300304807685,514.568710886582,"case",134
376.301366318535,512.506304508546,"case",54
380.437496852688,508.767036155371,"case",174
379.456535332536,507.077257173337,"case",158
379.089089952461,512.168910558318,"case",195
382.173969060661,509.164238595936,"case",186
383.358121130797,510.311869788309,"case",187
381.662603513586,511.827346673714,"case",195
376.191464676972,506.96918863018,"case",166
376.887686338531,507.376389331401,"case",169
376.357191173518,509.755454550799,"case",214
375.46990410994,506.804456319266,"case",148
363.160688525595,528.701853259308,"case",53
364.363582530571,524.27917331075,"case",118
364.779542129487,528.00188445004,"case",60
369.14259416991,527.181103500921,"case",52
368.654349121661,524.532666153794,"case",54
365.326247251055,524.070654877431,"case",53
364.661612181706,528.801990082565,"case",44
365.415428622373,527.85609410516,"case",51
371.021830373481,530.494786840635,"case",57
379.673663593958,504.88485794454,"case",158
376.911671858405,505.274151893869,"case",145
385.753138694922,511.522607154245,"case",197
382.039254807084,515.872898882685,"case",203
383.114768266516,512.190162375759,"case",104
379.946277238635,514.279524942131,"case",215
386.634868772632,512.801099489943,"case",212
384.902943139276,512.950043084815,"case",191
369.02723821465,515.495113019939,"case",159
370.854375966389,515.23728164632,"case",126
370.597256239426,514.876711880946,"case",132
376.620838371847,509.931838771079,"case",141
374.440173330085,510.871756424845,"case",213
362.893952471166,527.43727111887,"case",130
359.584934809406,526.502418019553,"case",137
374.576394158081,513.584610139194,"case",133
371.631312657995,519.272329755707,"case",136
374.713891313188,516.595938950982,"case",151
373.060526326381,517.441704353478,"case",160
376.702857220799,502.981622330545,"case",183
375.814261666817,511.084822635149,"case",200
376.819779535287,511.815936598653,"case",183
381.058621310283,510.773881644959,"case",183
376.718809792397,510.31320476823,"case",154
376.244935203624,512.89553688897,"case",149
350.524847270382,523.477278239538,"case",196
352.584909189811,520.074722154791,"case",181
351.026696742796,521.351757959974,"case",30
351.661195230623,516.684716643924,"case",183
351.185057302415,517.609735717647,"case",167
352.161743797122,521.066668063737,"case",191
351.407501491135,518.463650834205,"case",58
353.543469037777,519.188773280169,"case",157
353.716738195326,518.86388214889,"case",185
349.429279676243,516.969517900163,"case",168
349.118134526134,519.416592923027,"case",173
348.121732230907,525.902885100976,"case",137
364.63438652487,520.91258137545,"case",130
362.653065737541,525.406102826329,"case",116
361.185906631725,521.868099629625,"case",110
360.130378542682,525.175553105162,"case",115
364.985953725869,523.350373618157,"case",125
355.351805487113,526.561661230211,"case",70
360.304921597093,514.173562358035,"case",149
363.612768645656,515.150013478924,"case",176
362.833213443843,511.268810374846,"case",173
360.790232016711,514.400107033723,"case",169
361.971065658705,511.249547905066,"case",173
361.241509311698,513.357850195402,"case",151
362.101625852372,514.468928936645,"case",131
362.813212708579,513.960238457516,"case",173
361.853952504344,514.089668789175,"case",174
363.984794090443,515.176009074961,"case",175
364.695952498082,517.754938667523,"case",118
361.922583890481,516.893070194115,"case",116
365.374304945769,516.970710796027,"case",195
363.787498523069,519.852993584731,"case",111
360.702135874009,516.345800563425,"case",158
359.485381797273,515.984254432297,"case",182
361.650251665842,516.229230422845,"case",138
362.550173409302,517.925125756769,"case",109
361.741163413669,519.051488361541,"case",116
359.556998066338,516.730856973523,"case",117
359.928115045893,513.344059654131,"case",152
360.691658288506,519.338414233943,"case",163
355.188092720913,527.266954720876,"case",79
351.963772871916,526.379853700957,"case",41
355.876733273347,525.714366714433,"case",77
354.389928600914,525.333386511562,"case",75
357.408342795432,521.631025987439,"case",117
356.536388270506,523.113948871912,"case",35
357.807412469664,523.781075002082,"case",48
357.739294990117,524.050582564122,"case",44
361.419776546079,521.09043192112,"case",42
364.629218136534,517.365122602747,"case",117
360.941375084497,519.92859058966,"case",106
357.999676791635,520.633679061315,"case",174
356.983718811529,518.57944196796,"case",184
351.468829629866,525.136288416272,"case",52
354.369839428584,522.1178682254,"case",43
359.442839097917,524.618435232269,"case",49
359.7394198892,524.449523261723,"case",111
360.401867471368,521.793504303524,"case",110
356.206299596255,519.123573717688,"case",161
358.260532881381,519.539858567468,"case",105
357.852074752862,521.184067052312,"case",92
358.966872760918,520.086684871452,"case",171
358.733646219813,520.798421504094,"case",170
360.036028759953,521.694209326645,"case",101
363.109839263819,506.803626423077,"case",136
360.458652932824,506.17226388866,"case",143
355.360103217962,512.883161297261,"case",172
356.152095877839,513.661242415544,"case",174
360.838256689386,517.62335332375,"case",81
350.883585849357,528.236896958618,"case",22
350.413592202383,528.35096490835,"case",31
351.474259485725,527.201651612418,"case",38
351.990405894406,527.104055406581,"case",40
366.10610118969,519.066951790226,"case",130
353.677790615154,518.252706030051,"case",163
354.977206661337,514.885391592731,"case",189
354.695823693097,515.052862443804,"case",201
355.649199840258,517.951535049703,"case",158
348.898600081477,515.224826581365,"case",175
357.531231645995,513.665659790117,"case",163
351.841446165115,518.018630382242,"case",190
394.729520367452,548.549217381143,"case",209
397.669675812027,519.958947391516,"case",65
395.292481776365,521.091494628097,"case",57
379.243770007055,557.939138664763,"case",200
384.918764779512,557.224224135784,"case",195
383.778014228352,556.876809736191,"case",200
385.289233571412,555.275639880094,"case",201
384.74226066592,555.883376156593,"case",201
383.665840467708,554.086326815025,"case",201
381.672282070702,553.791145947252,"case",197
385.05964504981,555.809150961203,"case",198
390.331722170164,558.341239907549,"case",209
389.183753478859,559.206303760179,"case",204
393.474880324813,556.821936197755,"case",210
393.17759134556,554.107316085458,"case",220
389.776651162143,555.96665845282,"case",47
393.012119988506,549.571235010777,"case",203
378.450071516601,552.236602120677,"case",196
382.23187398725,488.830636002664,"case",36
389.598829293211,489.752130200788,"case",37
385.892124859414,489.230288124445,"case",49
387.858263544607,488.761663810887,"case",37
390.417286383706,489.823897116363,"case",49
336.35299361203,536.969418780308,"control",NA
335.52544427196,546.554245844565,"control",NA
342.157115412121,539.557433352066,"control",NA
347.097822147527,554.473818335957,"control",NA
353.930241572871,536.811109429521,"control",NA
377.746156453568,543.873196663869,"control",NA
379.020245546139,545.61652908256,"control",NA
362.181685241456,530.718168219892,"control",NA
361.562235989505,530.889464708663,"control",NA
360.339273633928,538.320580984135,"control",NA
337.934792107598,533.063731335994,"control",NA
345.126288670037,547.497603200292,"control",NA
351.116173478678,537.471256952556,"control",NA
343.764211079124,544.77424726612,"control",NA
356.225394145977,535.209257936884,"control",NA
341.966398411685,527.352166039368,"control",NA
359.633362980895,536.728192116639,"control",NA
350.312217624251,524.900048288146,"control",NA
341.497888868746,525.2587181133,"control",NA
342.043053734829,542.719012074982,"control",NA
339.946203994334,542.103876488086,"control",NA
344.369631128535,536.480102592702,"control",NA
340.127004999139,544.987780874261,"control",NA
340.49435621272,544.270351473055,"control",NA
337.962142098824,503.75522789345,"control",NA
366.448676308491,528.761946498395,"control",NA
365.404121191449,516.368175744665,"control",NA
381.54786675342,516.102420273198,"control",NA
377.824831106536,514.830128792583,"control",NA
369.257224941625,514.341019221399,"control",NA
377.613850809256,514.284752042731,"control",NA
376.097971989563,508.537716465196,"control",NA
376.960630331771,514.700779994824,"control",NA
379.528468552768,514.159003527659,"control",NA
364.029287637524,524.789352809653,"control",NA
367.880659313988,520.292381124307,"control",NA
369.423787221089,516.544005504803,"control",NA
370.811655781866,505.498619287965,"control",NA
374.034330281167,511.694594730468,"control",NA
378.311270020736,505.380771347172,"control",NA
376.718963274954,506.111167301211,"control",NA
379.859375154568,511.12162540652,"control",NA
341.346934590383,492.919698354118,"control",NA
347.937235728233,488.751274894096,"control",NA
351.32176389469,492.603973207467,"control",NA
357.503206737842,488.353323579685,"control",NA
347.744383214613,499.365095281663,"control",NA
350.833893808609,496.606771905495,"control",NA
348.31666266912,493.181082271,"control",NA
345.656700667833,492.616263679604,"control",NA
354.786465496886,499.026837459778,"control",NA
354.3668709638,499.818680466777,"control",NA
362.488070840703,492.84362438354,"control",NA
362.073673823206,491.388097451007,"control",NA
363.113213842567,489.119926233527,"control",NA
361.274830081852,487.219009413659,"control",NA
363.533605053659,523.689785705346,"control",NA
357.791865324179,521.643107173259,"control",NA
357.578423190601,514.7793791389,"control",NA
356.250053985359,517.09488664161,"control",NA
350.37994869018,525.487172650686,"control",NA
370.200272629723,521.099247167452,"control",NA
334.553864466463,499.653313567941,"control",NA
335.917352405824,499.441835659562,"control",NA
379.414944330868,492.545837499226,"control",NA
361.801075623324,492.476148983178,"control",NA
368.289508766694,493.904934262153,"control",NA
369.774338369987,493.637227327364,"control",NA
362.688081825875,492.366730499372,"control",NA
396.703369530175,520.556419511834,"control",NA
395.863949224264,527.86863515426,"control",NA
386.607098774297,538.683999259726,"control",NA
386.103484915948,540.51092564629,"control",NA
398.84286806308,542.026011931306,"control",NA
386.951318414326,539.844243665731,"control",NA
385.635780287156,538.776521574394,"control",NA
389.141894437989,537.883474000702,"control",NA
391.297089840575,537.706882899112,"control",NA
390.39503730777,536.349518629342,"control",NA
394.480067381495,523.483389042553,"control",NA
381.805308215579,557.855976103965,"control",NA
382.546964160198,558.098979292353,"control",NA
392.257716271445,551.565108591693,"control",NA
378.370713561433,551.432094293843,"control",NA
385.097722701357,486.995669867523,"control",NA
387.261467066494,491.673895532507,"control",NA
333.860564327453,539.203048845886,"control",NA
335.827071551085,541.723295096334,"control",NA
333.300381652041,538.819971929756,"control",NA
337.35377619837,542.902393324739,"control",NA
333.323685556396,544.079719707261,"control",NA
334.403530413395,543.828156178687,"control",NA
334.510187950926,544.072171546274,"control",NA
335.55535267312,545.357603224743,"control",NA
333.686695699613,541.155352466023,"control",NA
334.384716539553,539.090543143026,"control",NA
336.557496094577,536.922351916826,"control",NA
335.493088012642,535.552227101496,"control",NA
329.884177507352,535.959466985924,"control",NA
329.333286025138,539.729290497064,"control",NA
332.471280868678,540.151243892253,"control",NA
330.446033352788,539.118820181806,"control",NA
331.633953427803,540.192910625041,"control",NA
332.030003941364,538.885327633672,"control",NA
332.117424676938,537.305490701448,"control",NA
331.369216247981,539.815237327263,"control",NA
335.568317439822,536.327996221018,"control",NA
329.38267435109,539.570261839981,"control",NA
336.285499248845,536.7060140428,"control",NA
331.267178773164,540.489855652081,"control",NA
332.858462128506,539.470165625909,"control",NA
333.45471269341,535.990766740683,"control",NA
335.439884283108,535.44671104942,"control",NA
328.819070913345,537.135579530793,"control",NA
332.635152584538,538.847894703024,"control",NA
330.48201883712,540.067733119216,"control",NA
329.484566281282,537.421295347406,"control",NA
331.794794963673,537.222237747528,"control",NA
330.219099318065,539.220536595405,"control",NA
333.608358926633,537.765533157376,"control",NA
330.54532091022,539.012311806613,"control",NA
334.691863945389,539.877710736338,"control",NA
336.76892302974,551.203239594981,"control",NA
335.32389541207,547.733858398856,"control",NA
334.305658374352,547.944268539315,"control",NA
337.095154892564,544.291538475173,"control",NA
335.5064863401,545.968442209069,"control",NA
334.665337164804,550.915199913936,"control",NA
338.556619244798,546.256149506062,"control",NA
339.873653956931,548.071097882577,"control",NA
334.634706829677,547.642797889922,"control",NA
335.597820582985,548.779895688142,"control",NA
334.501094576556,548.657464393931,"control",NA
338.708727173427,546.095899858546,"control",NA
340.167149987803,545.356674182376,"control",NA
335.942835913333,543.976042508926,"control",NA
338.448650784474,552.333285093883,"control",NA
336.67373253513,551.034363630593,"control",NA
337.724006315533,552.266677879808,"control",NA
336.195125539756,549.705013969354,"control",NA
340.357670955552,546.573817782643,"control",NA
341.399101974607,549.901960473854,"control",NA
340.014583752213,549.81321926135,"control",NA
341.098991246943,548.764495702933,"control",NA
340.200204747934,546.726270349887,"control",NA
341.442228644219,552.278301831002,"control",NA
343.402046313953,549.981640097936,"control",NA
343.922554857606,549.272333532675,"control",NA
342.669736948893,550.070748906736,"control",NA
341.712226648175,548.57621192299,"control",NA
339.401337129051,552.172160686976,"control",NA
343.997765345494,547.928969190099,"control",NA
342.919467706448,552.190891525346,"control",NA
339.847670411069,550.619596956097,"control",NA
347.867318623809,552.790078955399,"control",NA
344.490427779413,552.572827431597,"control",NA
345.922632665304,553.513234353363,"control",NA
347.949542345706,557.001035906841,"control",NA
350.239744882011,548.870802741958,"control",NA
347.82189427893,549.250297350436,"control",NA
345.877870947317,555.946501152703,"control",NA
345.410446690251,553.445681719994,"control",NA
347.626748797918,551.245210989031,"control",NA
349.58325725985,548.240425071439,"control",NA
350.520846954668,552.007938296357,"control",NA
345.380107585189,552.321669192632,"control",NA
345.272533465164,555.602356983965,"control",NA
348.224657621026,554.606073279359,"control",NA
347.268709727851,554.842767728401,"control",NA
344.201501925488,555.789931385911,"control",NA
347.726294158536,555.051482849693,"control",NA
350.123771675322,548.477665629999,"control",NA
346.94557215886,555.374752596058,"control",NA
347.143460309221,554.800277156649,"control",NA
349.35742263544,553.648776218828,"control",NA
348.126389653068,556.676875715626,"control",NA
346.205563477523,552.696810047817,"control",NA
345.784439391684,556.861207236968,"control",NA
343.831283899419,554.166069226141,"control",NA
346.784591784447,557.613189397652,"control",NA
344.10624084982,558.707710724414,"control",NA
345.605173961295,552.642713611904,"control",NA
350.107628498248,552.667425207074,"control",NA
351.102556714834,549.839451095013,"control",NA
350.337688651296,548.604826009396,"control",NA
354.112205341956,547.348258749046,"control",NA
349.494611847641,550.042492305487,"control",NA
351.014156745805,550.257068312633,"control",NA
348.597387964278,552.31520533074,"control",NA
352.674292939363,550.464430456617,"control",NA
355.136608940466,548.255179456982,"control",NA
352.753445907369,548.966375427472,"control",NA
351.202639941833,548.801813633567,"control",NA
352.960654984777,551.631040274106,"control",NA
356.142792772023,546.000945205144,"control",NA
351.616622845347,542.716735345632,"control",NA
352.554534674813,548.851362030485,"control",NA
355.42713844445,545.300591358463,"control",NA
353.692856117637,546.903199670715,"control",NA
355.865470393156,545.94702209925,"control",NA
351.681477460871,547.240182862425,"control",NA
357.552398668867,547.469085268664,"control",NA
355.687661173939,546.769215376241,"control",NA
353.69758398518,549.1173506702,"control",NA
358.929787975335,548.874931622412,"control",NA
353.952430492611,544.819375723273,"control",NA
354.276859544566,547.628231571027,"control",NA
352.913688107722,545.344287544482,"control",NA
353.113664329618,545.541295787075,"control",NA
357.327856314579,547.35195478211,"control",NA
352.780900294164,544.254873411179,"control",NA
355.371696300185,547.73584651092,"control",NA
350.563624091292,545.142362822286,"control",NA
357.725445736059,547.412228460432,"control",NA
353.470792663247,547.524874750121,"control",NA
351.327167090303,546.877815833033,"control",NA
352.153307105083,544.816637753809,"control",NA
353.877413126849,544.764793520418,"control",NA
375.886657119028,545.933332205472,"control",NA
370.298996921745,546.007403127151,"control",NA
372.919583028028,546.736816937555,"control",NA
374.240373020355,544.250134110648,"control",NA
373.667396974566,545.645721612822,"control",NA
375.517397811565,544.102338756584,"control",NA
373.152243687472,544.538620823271,"control",NA
377.112454125015,546.174047420798,"control",NA
376.829691646801,546.295866515645,"control",NA
373.597271274876,547.602002111695,"control",NA
370.078967992141,547.22875281689,"control",NA
371.631604162629,543.022700202473,"control",NA
375.158734744368,537.589738512541,"control",NA
375.435162323805,541.287421450005,"control",NA
374.683945886006,542.713460066724,"control",NA
372.066463332161,544.686597485665,"control",NA
372.435188922279,546.3856875506,"control",NA
369.209969870876,545.624770850677,"control",NA
377.57183775945,545.736449158032,"control",NA
372.480724522032,543.620504023914,"control",NA
374.580574653047,542.96165883298,"control",NA
369.891563472203,548.556174318281,"control",NA
374.346744969069,547.821834331255,"control",NA
370.252814674772,545.037532186042,"control",NA
376.602174328277,536.929953175261,"control",NA
376.930344820604,546.288348818514,"control",NA
373.91349247742,543.479598480937,"control",NA
375.371910874344,541.37828238927,"control",NA
375.775480043779,544.486580367681,"control",NA
373.284584180423,539.331226413466,"control",NA
373.620953986846,547.366866996838,"control",NA
372.595927722245,544.685220443418,"control",NA
374.210831156314,540.725188737687,"control",NA
369.609411553795,542.897730473773,"control",NA
372.028662786853,544.069947158197,"control",NA
373.970955646473,546.891750142971,"control",NA
372.78198289648,543.70146846137,"control",NA
376.706203247119,544.031737957884,"control",NA
375.682720669725,535.367585799611,"control",NA
371.512842749583,543.124011940546,"control",NA
372.668092966462,544.737774271132,"control",NA
372.72787870396,542.944683716688,"control",NA
375.757435791375,543.869788332129,"control",NA
375.29226712965,547.554980856005,"control",NA
377.859470731278,546.476777697414,"control",NA
374.734486442761,546.543068133427,"control",NA
374.450419314126,540.96300909356,"control",NA
371.563428054674,536.437663705208,"control",NA
370.696234944966,544.141742664742,"control",NA
373.810095960435,544.900045234658,"control",NA
372.785962649254,548.015494961742,"control",NA
372.25919959584,547.832040476746,"control",NA
371.375221701369,540.179755231258,"control",NA
376.368973153291,545.445367577493,"control",NA
375.626459673324,541.828152123062,"control",NA
338.090419572813,541.748140342222,"control",NA
336.440641423341,538.268500596296,"control",NA
337.219593626329,538.454761634069,"control",NA
334.563622627462,539.50554192156,"control",NA
338.193826888884,542.715271524181,"control",NA
338.222346680471,537.744024943512,"control",NA
335.298786097486,537.713090553144,"control",NA
340.9036741246,538.048157084687,"control",NA
338.932244265369,541.539762334023,"control",NA
337.258858933974,539.186590397306,"control",NA
340.720984425327,542.924095302375,"control",NA
339.068198858932,541.607548705952,"control",NA
340.708277813098,540.763734453204,"control",NA
339.490126909371,540.073179467053,"control",NA
335.566415325237,538.663029011659,"control",NA
339.137011391608,537.452988264685,"control",NA
335.116872655825,539.967358097157,"control",NA
338.536762315249,535.243063656518,"control",NA
334.862247339574,539.764074911258,"control",NA
338.3223934283,537.04524694004,"control",NA
347.823411142809,535.008158418539,"control",NA
347.814717351543,531.794029624129,"control",NA
358.404972005336,531.587524672098,"control",NA
362.180593391692,529.146822989882,"control",NA
361.349368303224,531.005877290322,"control",NA
364.616472379401,530.954140939173,"control",NA
365.544207930894,533.969264303064,"control",NA
360.960963115224,532.758079538051,"control",NA
358.505353108276,532.740014289068,"control",NA
363.697372880924,532.764036298932,"control",NA
364.006333013234,531.900929453666,"control",NA
362.862026820862,529.989087894464,"control",NA
360.669229269799,529.270262134395,"control",NA
362.635846822272,530.510252126038,"control",NA
363.55634719952,529.959960945163,"control",NA
364.613059800888,532.126016705429,"control",NA
363.22805600471,532.311553512063,"control",NA
367.159565189525,531.743654001297,"control",NA
345.792137459643,529.743424832209,"control",NA
346.021957472311,530.090689998666,"control",NA
347.885805519977,528.496204979303,"control",NA
346.782957507445,529.701519896329,"control",NA
348.837310002926,527.263647236509,"control",NA
346.547984598114,531.929973588941,"control",NA
348.130249786313,527.445850308548,"control",NA
343.824951861756,525.906109861541,"control",NA
345.899686601535,525.027632252389,"control",NA
343.708900823396,524.821082746341,"control",NA
347.754417861801,525.41261113127,"control",NA
346.913153098642,526.192531971837,"control",NA
347.505576430241,530.311041488721,"control",NA
344.766063801481,527.740094663046,"control",NA
345.767457842215,530.949986353506,"control",NA
347.40093238032,528.056648935839,"control",NA
346.874549125433,528.474301089561,"control",NA
348.359819056361,530.580095174115,"control",NA
347.773364556306,528.878152477552,"control",NA
349.982301101714,528.372989161389,"control",NA
347.361298757159,532.160548808445,"control",NA
357.197797533413,536.500142650593,"control",NA
356.983356155861,538.849492597942,"control",NA
358.188877594273,539.239649072837,"control",NA
360.85575233877,539.43689955095,"control",NA
361.834338957726,540.205302964738,"control",NA
361.655854097067,538.608203329332,"control",NA
360.029037929364,539.81711956399,"control",NA
361.789843283815,538.903197231599,"control",NA
360.681131118064,539.771835240426,"control",NA
357.798959310343,540.618025383425,"control",NA
359.318301054878,539.05820110046,"control",NA
356.234784684664,535.02772158131,"control",NA
355.497341320064,537.371085508311,"control",NA
353.866317389119,537.938519671665,"control",NA
352.037481703292,538.573339255439,"control",NA
355.458756752802,536.152925868076,"control",NA
353.216526766659,535.177713111216,"control",NA
353.733581547818,535.24394828377,"control",NA
354.381253522128,537.5563019708,"control",NA
344.21768371008,534.501359666758,"control",NA
342.080942989994,533.267083957262,"control",NA
343.927494690975,532.159635987231,"control",NA
339.165131922209,536.712942056585,"control",NA
343.088420337059,527.24642717717,"control",NA
343.758405548203,531.508268338773,"control",NA
343.220608387481,529.931971689529,"control",NA
345.288137405754,546.901807705156,"control",NA
348.286265633215,536.039500832866,"control",NA
345.081491619284,543.177560695256,"control",NA
348.435042548014,547.466303024648,"control",NA
346.112872850908,544.680439397306,"control",NA
348.812151120001,534.185570793181,"control",NA
343.607525762499,540.778098030624,"control",NA
344.516325184651,544.610476137541,"control",NA
347.33231621029,545.024777533393,"control",NA
348.467393092051,538.026092812293,"control",NA
351.040145558424,538.344106969547,"control",NA
349.168801333326,539.667613693955,"control",NA
349.771215096789,537.705613671619,"control",NA
348.797500806953,546.803391515402,"control",NA
348.377346070949,547.233367208773,"control",NA
342.347853444768,545.014224288977,"control",NA
345.187925060882,545.65821403134,"control",NA
352.248235770966,547.623031150952,"control",NA
347.18711931896,544.984856507596,"control",NA
347.583157444107,538.562527657166,"control",NA
349.255463599107,538.344226539361,"control",NA
350.546594990626,547.82822542974,"control",NA
352.091706087243,536.663592942197,"control",NA
344.767736041082,541.613220894864,"control",NA
344.591434255331,543.224776545433,"control",NA
347.639350509931,541.384278027062,"control",NA
349.209720394127,546.241280924952,"control",NA
343.938458737902,543.29908563783,"control",NA
359.610517191209,534.61586739634,"control",NA
357.150104647375,538.67771649648,"control",NA
359.488660266692,537.059482331981,"control",NA
358.244889107148,536.391086804625,"control",NA
357.531703557787,535.641516814109,"control",NA
357.603635851286,533.285328919108,"control",NA
358.250070931916,533.564280959657,"control",NA
357.170329427198,536.031252338179,"control",NA
358.681385303117,537.583506461094,"control",NA
342.562154942175,526.857671289646,"control",NA
340.663477286972,527.660322939379,"control",NA
342.32463737656,529.203702350154,"control",NA
341.756776123825,528.342668455964,"control",NA
339.980875918723,527.496003669521,"control",NA
338.651451652353,527.701111997456,"control",NA
341.062796109711,529.385673445663,"control",NA
344.50233215817,527.572660358122,"control",NA
339.655951324238,527.991723171472,"control",NA
345.286156243069,527.678721686858,"control",NA
339.981611440655,526.297650508517,"control",NA
345.182327447222,526.046495359367,"control",NA
343.294891944486,526.309004829074,"control",NA
342.559423305489,529.273825011401,"control",NA
360.964248308182,544.036153577608,"control",NA
354.916869345493,542.02000743882,"control",NA
354.361741505599,540.196707676651,"control",NA
355.407632651352,540.872240105474,"control",NA
354.150708954687,540.584443280006,"control",NA
357.503125298384,544.136239314409,"control",NA
359.682586804065,544.546815819361,"control",NA
357.453971257725,543.755367583224,"control",NA
359.708782678034,544.01297655074,"control",NA
359.348517131851,547.082814575029,"control",NA
355.030021685604,543.022870949873,"control",NA
363.363866573008,547.162690546974,"control",NA
362.319711214126,544.536803776185,"control",NA
359.96846073934,547.1431852355,"control",NA
355.110423789038,543.282866225413,"control",NA
357.532663679122,545.809605865995,"control",NA
360.885596676609,542.025732437261,"control",NA
361.083132328008,544.227694663208,"control",NA
358.219928705106,545.139272155475,"control",NA
359.119520648734,545.661596046914,"control",NA
356.308467649419,542.276036021871,"control",NA
359.023057108085,531.970845156426,"control",NA
356.228361348979,531.68219462059,"control",NA
356.086117898315,533.672725910254,"control",NA
353.687414715302,534.07158057464,"control",NA
357.304403606172,533.448575394016,"control",NA
356.784979392384,533.985417789168,"control",NA
358.443866854245,533.151456768333,"control",NA
355.294525500731,538.696847820893,"control",NA
353.308510911727,541.216363275199,"control",NA
335.681585451765,524.612097086624,"control",NA
344.305296583086,525.976753955037,"control",NA
340.662323466161,522.561522509187,"control",NA
340.477175169585,524.817057234394,"control",NA
340.00221428048,521.636193531805,"control",NA
340.613679350953,523.432332391474,"control",NA
344.746457564452,526.209499262317,"control",NA
342.451371920494,521.517248780375,"control",NA
338.600218155911,526.214912142506,"control",NA
341.415696683444,522.074289975715,"control",NA
338.839853483635,520.743970049706,"control",NA
345.204819237488,522.280761960036,"control",NA
340.273291580203,521.628767432649,"control",NA
344.498286139306,525.323507224673,"control",NA
338.898149770931,521.655010567491,"control",NA
343.603824714927,525.782474520577,"control",NA
343.64763806813,525.929458151106,"control",NA
343.179714220677,523.216887696125,"control",NA
339.829344802087,522.520099026425,"control",NA
341.77503664195,520.049203235498,"control",NA
335.718332018326,531.625975412114,"control",NA
337.313909863654,532.787303157298,"control",NA
337.065779038439,533.531287480087,"control",NA
336.761367796531,536.337263129164,"control",NA
337.643788474242,530.808863425048,"control",NA
337.323307166375,527.671362626075,"control",NA
336.241461043158,529.848599819182,"control",NA
336.93868537119,527.37388194956,"control",NA
339.149165844576,527.293932381978,"control",NA
335.928267844331,537.180866913784,"control",NA
338.275238974083,534.602614155445,"control",NA
337.640334939139,530.52827987814,"control",NA
337.258029109394,535.274331174933,"control",NA
337.983151025874,530.973954906465,"control",NA
337.598163594487,528.298817216638,"control",NA
331.977167075933,533.312338253385,"control",NA
336.794024493602,528.895016484215,"control",NA
335.270557988822,533.61492663744,"control",NA
364.118618403125,535.375604935562,"control",NA
363.827422417589,536.337424276522,"control",NA
360.944870545856,535.509551255045,"control",NA
361.298891014656,538.503493227572,"control",NA
361.900223951009,534.586712965199,"control",NA
362.973355297599,534.397872155034,"control",NA
361.988115523949,534.514636397136,"control",NA
364.52294604268,535.478692361128,"control",NA
361.370507173294,538.251056211358,"control",NA
360.083693025085,535.810100297669,"control",NA
364.028163554488,534.488916060103,"control",NA
369.084740819418,538.58831364004,"control",NA
363.057738242593,534.502610303944,"control",NA
362.221525798156,539.1858745283,"control",NA
366.078474393341,537.362033711753,"control",NA
363.145315172746,538.086376090739,"control",NA
348.484350298414,534.153748959352,"control",NA
350.839077047041,530.012610302536,"control",NA
353.522842903363,529.161620787916,"control",NA
353.392275314047,530.367308079748,"control",NA
349.19221003236,530.575181149953,"control",NA
351.35760424741,531.017257866796,"control",NA
352.243337584449,530.091914684729,"control",NA
350.79283275506,531.033909994284,"control",NA
352.523840313426,532.050529397493,"control",NA
349.321493286115,535.059747033313,"control",NA
353.162832647892,530.746522500355,"control",NA
351.075863963347,533.125546268101,"control",NA
351.180508786227,530.60788839107,"control",NA
351.933937787907,531.630096253489,"control",NA
353.779386076726,529.936193689627,"control",NA
341.016873944389,538.659697013702,"control",NA
341.111971058434,540.722517780314,"control",NA
343.654704761503,540.983109935472,"control",NA
341.813296996646,535.505190864271,"control",NA
345.608049841472,535.483012594062,"control",NA
342.308610421461,536.460312972978,"control",NA
341.273302452697,534.058734150114,"control",NA
340.657305626218,537.755391344713,"control",NA
343.157418522604,535.51832374538,"control",NA
342.080432248787,547.171683355351,"control",NA
340.306087604208,539.065205055652,"control",NA
346.21964208214,537.485602945914,"control",NA
344.459306806741,535.556419363869,"control",NA
342.0168254457,536.294976139067,"control",NA
339.687924312963,541.609930629911,"control",NA
340.374312354876,543.257754701509,"control",NA
341.659123047302,542.187389744188,"control",NA
345.557644502261,533.726881187617,"control",NA
340.015748591551,546.616264393516,"control",NA
344.456988358764,537.316866337273,"control",NA
341.855890899933,535.377960273632,"control",NA
346.228667678306,539.747757202827,"control",NA
330.447031629486,504.321764526007,"control",NA
329.887287045209,504.767863670931,"control",NA
328.822469621576,506.709392122213,"control",NA
331.396783427253,504.998370426092,"control",NA
329.432379123823,507.545650135084,"control",NA
328.900864622346,506.184466470793,"control",NA
330.232144174336,504.628505714625,"control",NA
333.818627706843,504.652604893,"control",NA
331.676965795154,505.948552257282,"control",NA
337.244612551281,506.872930839057,"control",NA
336.963472758848,503.935462649715,"control",NA
340.208433661486,503.793127611566,"control",NA
339.213407599887,506.233560990002,"control",NA
332.821876560419,508.06811842702,"control",NA
334.567906570294,509.227869570153,"control",NA
334.201610723072,509.288860301799,"control",NA
334.573701145186,506.050217819664,"control",NA
344.034124076094,504.399028218362,"control",NA
338.94399794622,501.331347514172,"control",NA
340.344306683682,505.549349038129,"control",NA
340.026237923296,500.796072872352,"control",NA
341.213695141279,504.046755576765,"control",NA
338.710529322621,502.578009284036,"control",NA
331.593507538767,503.376536456014,"control",NA
336.374782352671,502.908993368779,"control",NA
341.289162188814,499.425011350433,"control",NA
344.371837039466,499.393466968145,"control",NA
339.401651792867,500.930275424813,"control",NA
339.989875903969,501.987709503562,"control",NA
341.950245805696,497.015130178426,"control",NA
343.185013157025,498.286483463889,"control",NA
343.951879317948,500.152236691037,"control",NA
341.620608742645,498.06293537972,"control",NA
342.333095895794,501.991280742015,"control",NA
341.494037701469,496.041656351422,"control",NA
339.528900523789,495.978375712131,"control",NA
342.708424630668,500.752239852398,"control",NA
339.239631336038,494.292488662766,"control",NA
337.000130594151,491.77650230854,"control",NA
366.525396749713,520.314318223558,"control",NA
367.902478296631,521.139498757507,"control",NA
366.232392614689,518.143038865904,"control",NA
367.691866481991,521.025155080923,"control",NA
369.762269680804,522.30663241347,"control",NA
368.484094244293,518.84642870701,"control",NA
366.211687290372,519.587929387117,"control",NA
366.945958580366,518.835613342254,"control",NA
368.098003170895,520.20918073058,"control",NA
367.143233967209,519.832855391789,"control",NA
367.879013212399,521.191775014832,"control",NA
369.062591143229,518.79170373266,"control",NA
366.284499064501,521.187418959525,"control",NA
367.696767560577,520.726493818788,"control",NA
366.294267808156,520.839566067291,"control",NA
367.317217015658,519.077256414497,"control",NA
369.54463733749,521.944946513288,"control",NA
378.293651088734,513.004637583007,"control",NA
379.189955252005,513.718190211501,"control",NA
381.101464078695,514.833386039191,"control",NA
379.51824039259,514.794031481842,"control",NA
380.041632161133,515.090224468932,"control",NA
378.331359874262,513.341774153989,"control",NA
379.271322000333,516.651863134087,"control",NA
379.427188519747,510.53106824931,"control",NA
381.294699612984,511.664824093649,"control",NA
381.85579185035,511.688670612739,"control",NA
374.536210580738,508.66812151891,"control",NA
370.958978083722,509.700442944371,"control",NA
371.63035043828,510.657159254446,"control",NA
369.176015527709,525.619849021324,"control",NA
366.757262466823,523.300916561105,"control",NA
370.059796722167,523.889991798853,"control",NA
369.658573306854,523.428550950975,"control",NA
370.925614185857,524.345663778982,"control",NA
369.776852543954,527.208221478228,"control",NA
370.049265012786,523.350149271569,"control",NA
369.920203401391,526.455610584135,"control",NA
368.637152288964,525.633791491554,"control",NA
367.954937634141,525.700648715185,"control",NA
369.288029593096,514.069521553443,"control",NA
368.983953887099,510.678461378355,"control",NA
367.126974376824,512.489085582754,"control",NA
368.943611541628,512.457145470524,"control",NA
367.691207998909,512.515808918361,"control",NA
367.22265358766,512.838889421411,"control",NA
369.063431797195,509.768092565654,"control",NA
371.062212183711,509.159205400392,"control",NA
366.600658372609,512.999475922128,"control",NA
368.960155078911,513.21434921212,"control",NA
368.747830232782,511.768992821977,"control",NA
369.606815391296,510.933037983682,"control",NA
368.714493594942,513.736623304531,"control",NA
371.862128875361,512.962708883303,"control",NA
369.137528214195,514.14666597636,"control",NA
368.805522071385,514.736837608203,"control",NA
367.618063037845,513.37740158238,"control",NA
376.848620839594,513.177376540782,"control",NA
376.617360563768,512.417645200277,"control",NA
377.205669933121,511.759968235531,"control",NA
375.500153516033,513.701441321223,"control",NA
377.33640295613,511.452014490627,"control",NA
376.631451366886,515.183155463646,"control",NA
376.449370636123,512.222865955954,"control",NA
374.851810685353,511.990660114572,"control",NA
376.155431807414,513.743299018764,"control",NA
378.633249140688,510.800203053605,"control",NA
379.650449046551,507.324031187109,"control",NA
379.510010996601,516.107990032453,"control",NA
379.703606495808,516.067201961445,"control",NA
378.954704956227,519.248735559945,"control",NA
382.078780794476,509.559240689717,"control",NA
382.987241832696,510.56318019948,"control",NA
381.112417853863,511.865686612857,"control",NA
381.792117736786,511.129159244951,"control",NA
379.999003920164,512.637687223588,"control",NA
381.877562713927,513.698297136,"control",NA
379.562647839973,512.122152583357,"control",NA
375.629470966074,508.13858535154,"control",NA
377.853972239605,507.84505447532,"control",NA
374.453209255467,501.018725170738,"control",NA
377.20038694735,508.225967103515,"control",NA
376.802411821528,504.195560285247,"control",NA
375.023760123439,499.50316642538,"control",NA
375.79899259775,509.818711577911,"control",NA
360.766802834054,526.538525519831,"control",NA
363.271359955223,526.770910272281,"control",NA
362.189529398986,523.786682127832,"control",NA
361.05215689281,526.553589054647,"control",NA
362.716115792039,524.96559048677,"control",NA
364.772263180482,526.310050506609,"control",NA
362.650005459248,525.233486047872,"control",NA
366.345510171667,527.054764692589,"control",NA
368.179433656811,523.512339181818,"control",NA
366.587215108882,524.115085531667,"control",NA
368.466395281036,524.809887311412,"control",NA
366.558974196723,527.689544553329,"control",NA
367.145864041513,522.609425293385,"control",NA
366.866601698065,521.734563787928,"control",NA
367.676800704619,523.993857719276,"control",NA
367.391216997611,521.598136255976,"control",NA
366.531884498758,522.160924812691,"control",NA
367.84935513305,522.321096578482,"control",NA
367.72254733597,528.47214279208,"control",NA
364.715650303645,527.739920547549,"control",NA
368.345806017918,524.220964959732,"control",NA
367.804465229207,522.732602929681,"control",NA
367.466497254414,522.986908374688,"control",NA
376.31236931451,498.137373011427,"control",NA
377.682800599687,504.084487915201,"control",NA
377.765001867664,502.391632912353,"control",NA
378.768498616663,501.279983737134,"control",NA
378.063383323865,500.50527683823,"control",NA
376.541704615093,498.572183540857,"control",NA
378.643199467905,498.892402370909,"control",NA
365.96592565269,529.395818895282,"control",NA
366.437470370452,528.255582091801,"control",NA
364.810766718796,528.883573553047,"control",NA
366.828632820772,528.787238542664,"control",NA
366.470238278168,529.43453813022,"control",NA
367.805158687222,530.833161613837,"control",NA
364.712493683142,530.391432561953,"control",NA
365.01005815243,528.904574534996,"control",NA
364.237322392193,528.720833494582,"control",NA
367.393211143283,529.131860043353,"control",NA
364.478984036768,531.502989893665,"control",NA
378.164324735934,507.199537398953,"control",NA
376.241870716835,507.008184475554,"control",NA
363.107977367312,526.542609169584,"control",NA
362.547127924297,529.761821236658,"control",NA
362.749453760552,527.82516878552,"control",NA
364.152697294678,527.241958519486,"control",NA
384.441519126833,511.729863766796,"control",NA
384.48477645797,510.508562835015,"control",NA
382.942966730845,511.711193963522,"control",NA
386.861330219727,511.901228735177,"control",NA
383.360449195373,516.135597097717,"control",NA
384.265413222324,509.961614142724,"control",NA
381.74504997282,515.227326986925,"control",NA
381.200663150803,518.248547435768,"control",NA
384.708243100356,516.175286927747,"control",NA
386.120603789681,511.012929170263,"control",NA
384.230033703001,512.177705039046,"control",NA
381.699717938498,515.460170655226,"control",NA
387.268446060496,509.438946832825,"control",NA
383.752957273372,514.716463260258,"control",NA
383.470560721596,512.924659764706,"control",NA
382.26252165517,516.281863334452,"control",NA
384.627365783952,518.515472061216,"control",NA
384.706917626189,511.338627957455,"control",NA
369.195922950609,516.693901954446,"control",NA
370.514176479143,513.38681413171,"control",NA
370.962215565381,517.716525623253,"control",NA
368.882724554706,516.089733209049,"control",NA
367.697311345869,516.275922465724,"control",NA
368.794779150834,513.433517528214,"control",NA
371.798140845851,516.497312585196,"control",NA
370.772926104046,517.077853727401,"control",NA
374.180672811129,500.390669005366,"control",NA
373.810745374592,504.166894716397,"control",NA
373.292709945812,504.513738949713,"control",NA
374.662204057183,503.954596182955,"control",NA
372.472615700286,503.854968188067,"control",NA
373.959816483942,502.272590632366,"control",NA
372.451504924814,500.522829176489,"control",NA
372.963541647768,500.73552361913,"control",NA
370.9195289799,505.423966529601,"control",NA
373.322199576795,504.762149540162,"control",NA
371.088018890083,503.678090140246,"control",NA
373.074635628312,504.96601002659,"control",NA
373.267178237435,502.82133114568,"control",NA
375.009408699008,503.423391862933,"control",NA
371.586000193157,501.834088900485,"control",NA
374.182420947066,504.095934309102,"control",NA
374.708148691186,499.970073068468,"control",NA
368.560324350922,506.450269457319,"control",NA
371.912381898331,500.152909800623,"control",NA
372.318131901039,503.54388351034,"control",NA
371.384474056695,501.0925301071,"control",NA
370.431938870072,504.865319352204,"control",NA
371.274409184371,503.208326629732,"control",NA
372.483312110304,505.572205504176,"control",NA
368.140786116232,504.554335367019,"control",NA
369.938379351302,507.727779664697,"control",NA
367.522478964027,504.160045455089,"control",NA
372.870158084665,502.303911950081,"control",NA
368.810829011128,504.555348297027,"control",NA
368.517480740079,503.642978384862,"control",NA
372.919390043301,499.035160267295,"control",NA
370.939052708682,503.789473461664,"control",NA
375.448704930804,501.72075990454,"control",NA
371.839369767161,503.745518668373,"control",NA
374.046519088868,502.671416000527,"control",NA
374.329552070369,497.066863186549,"control",NA
372.611978020894,504.763629488459,"control",NA
370.002156328022,506.667165502283,"control",NA
372.442156344117,498.834068578281,"control",NA
369.351891192136,505.795535468631,"control",NA
372.865811308642,504.042051827387,"control",NA
373.909378907126,504.119622456905,"control",NA
369.013520059689,506.072117367003,"control",NA
374.427237007879,512.557357039589,"control",NA
375.359398638873,511.779293440292,"control",NA
375.66688907695,511.103002381546,"control",NA
370.841992796581,512.130469522808,"control",NA
373.212755242051,510.807624825725,"control",NA
373.97574933104,510.666280456323,"control",NA
376.506177906575,510.341803228888,"control",NA
374.563178653273,509.92061841756,"control",NA
376.859289320998,511.502856268218,"control",NA
374.749038239948,511.226777225486,"control",NA
373.77836098862,511.359523366241,"control",NA
370.59027240698,511.479528119177,"control",NA
359.263655406955,526.626314175583,"control",NA
362.10652508708,524.769689110931,"control",NA
374.498027751987,509.87163336403,"control",NA
374.878206249417,507.91034056401,"control",NA
375.701898147353,510.917466850367,"control",NA
375.587571633215,508.112882990261,"control",NA
373.607685642069,508.92136196002,"control",NA
375.849049065218,507.42950459227,"control",NA
375.213886312303,509.97520917321,"control",NA
370.8961807245,518.355007970219,"control",NA
373.888997075206,519.764001475047,"control",NA
375.099583664084,514.549798360689,"control",NA
371.91565561145,515.41757464917,"control",NA
373.69401555576,516.561185985236,"control",NA
374.205059936146,515.942292602267,"control",NA
376.83700126594,515.945496729537,"control",NA
375.053829008207,516.860764591181,"control",NA
372.666059442466,516.966493080717,"control",NA
372.394810320902,518.735558082367,"control",NA
372.889272319863,512.663686932622,"control",NA
374.197463396708,513.024087731209,"control",NA
375.821109526778,515.858345219251,"control",NA
373.848761994501,514.612046014104,"control",NA
375.565485092875,516.22604059317,"control",NA
371.666645297768,517.847413059774,"control",NA
372.879832590702,515.486033469119,"control",NA
376.554130389534,506.533316760043,"control",NA
375.615769723299,503.927365772022,"control",NA
375.137530608063,506.167472843214,"control",NA
376.543470507718,504.090241352173,"control",NA
378.955317757438,509.767619975009,"control",NA
379.674827732143,510.990798116301,"control",NA
377.820746474263,511.392756493758,"control",NA
378.041352799441,512.335348841149,"control",NA
379.908697756041,511.408934496072,"control",NA
377.754334757999,509.887670345785,"control",NA
342.59841720095,494.304551247136,"control",NA
344.886695815094,495.035846369048,"control",NA
344.290728882913,494.838930958342,"control",NA
343.552356994823,494.592237306638,"control",NA
343.426001052218,495.040871012737,"control",NA
343.433208257504,494.338900598557,"control",NA
347.140139958696,494.722588446845,"control",NA
344.045325114982,493.349527511135,"control",NA
341.828966511309,495.730619214272,"control",NA
343.29362590723,493.82127620611,"control",NA
348.183810656297,497.111657408539,"control",NA
345.517847818257,494.059204233171,"control",NA
341.832274694691,494.010938023128,"control",NA
343.215133824687,494.928438582262,"control",NA
346.308698907699,494.910390428124,"control",NA
342.979272018405,494.396702690353,"control",NA
344.413172627551,488.867843359269,"control",NA
345.371289356707,489.448470779319,"control",NA
345.469985059752,490.949493029268,"control",NA
344.523402464209,489.912739451384,"control",NA
344.05755596113,490.033397745289,"control",NA
344.549683333816,490.642427689332,"control",NA
343.007437801106,492.098381074463,"control",NA
345.014270953126,491.17140033985,"control",NA
345.557004831813,491.000666090622,"control",NA
344.948516405823,490.828717297763,"control",NA
346.198599942865,484.77937114115,"control",NA
345.494316611664,486.747227982257,"control",NA
344.132165637055,490.48960721527,"control",NA
343.478299302469,493.907278582459,"control",NA
342.531694654065,492.812056354062,"control",NA
343.761183657155,491.406393540342,"control",NA
346.428385596704,489.045827970998,"control",NA
343.079190131943,494.18883933759,"control",NA
344.814209609631,489.819750081349,"control",NA
342.324154498754,492.628582055079,"control",NA
342.090953909766,490.207139744811,"control",NA
345.713443024491,488.934644127449,"control",NA
343.136820088273,493.069326673575,"control",NA
344.443928874751,488.772753480799,"control",NA
346.050062782504,488.485633009017,"control",NA
342.778093755275,492.304784509436,"control",NA
357.741192909589,495.053782383449,"control",NA
358.726694992633,494.737970170217,"control",NA
355.455920664047,495.035001748766,"control",NA
354.811437966342,495.526418240128,"control",NA
356.32943512677,503.29326752291,"control",NA
355.251969108259,504.66698462193,"control",NA
353.953295470693,501.568193213836,"control",NA
358.236913240629,498.894701144117,"control",NA
359.392416780583,498.67002708711,"control",NA
360.330237271611,497.21722070427,"control",NA
361.08858426809,498.513378818567,"control",NA
357.729221628959,495.674714974122,"control",NA
358.482758816814,496.592845043123,"control",NA
360.771228841818,496.114692081993,"control",NA
361.357758347702,498.789501224987,"control",NA
363.11229583102,498.573273154091,"control",NA
362.187695094948,498.624681060228,"control",NA
349.411871002513,492.494981675665,"control",NA
349.304284764624,489.125650072681,"control",NA
350.669514527623,490.480355225031,"control",NA
348.150386629726,490.703197726785,"control",NA
346.473971953703,488.383742383184,"control",NA
350.092887463925,489.618786549875,"control",NA
345.929951229182,500.085441414253,"control",NA
341.952592735739,497.255748476002,"control",NA
346.807332002038,501.434805076649,"control",NA
345.157545266386,501.54024843761,"control",NA
345.047590352444,500.354348392907,"control",NA
345.425378390027,498.957878138869,"control",NA
343.430852732369,499.850257988686,"control",NA
346.265206895484,499.436628143949,"control",NA
343.710809209196,501.331450565835,"control",NA
342.686163242868,498.130871191319,"control",NA
345.182603372446,500.023654253654,"control",NA
354.882410583491,493.406414303355,"control",NA
351.685831751444,491.794410933264,"control",NA
352.698134878531,495.533828733786,"control",NA
353.649255159712,493.64631656247,"control",NA
350.446001201345,492.961178152583,"control",NA
352.170973793514,488.957713150644,"control",NA
353.113113864581,493.581386058842,"control",NA
351.681686290686,488.642231694937,"control",NA
354.130889809357,495.268953726997,"control",NA
352.340492000491,491.671805700637,"control",NA
351.793389049619,492.533374204775,"control",NA
350.701879936125,492.205207778038,"control",NA
353.026791727532,489.296994454541,"control",NA
352.999103696404,492.581611788885,"control",NA
353.779096703559,492.608195272263,"control",NA
353.510450985153,491.349795504912,"control",NA
351.349943340521,494.557246168234,"control",NA
354.154484228494,492.372750968725,"control",NA
352.02787002196,490.593936407289,"control",NA
353.674162239117,489.983983295232,"control",NA
343.490903871615,502.355372568169,"control",NA
347.150245983165,502.852835917483,"control",NA
348.080509122693,504.322473980589,"control",NA
345.466910204876,503.359071737162,"control",NA
344.566889382978,505.202071114166,"control",NA
359.226897733361,495.403690215738,"control",NA
359.222238281768,496.673177150452,"control",NA
358.042087657745,495.136356527257,"control",NA
358.611489140899,496.37664204901,"control",NA
356.672173220429,494.184811615977,"control",NA
357.839618519837,494.279540752461,"control",NA
357.961830616144,496.334922681461,"control",NA
350.204386624996,499.673313962031,"control",NA
350.157399631721,503.051063399535,"control",NA
347.378637846626,505.557465104627,"control",NA
353.151451721754,500.246517073333,"control",NA
352.339986965234,500.719977012867,"control",NA
348.262476672172,504.867995309939,"control",NA
350.561081199605,488.073593602145,"control",NA
352.49832381436,492.320491812593,"control",NA
352.385047539141,489.740972118333,"control",NA
351.178680764962,489.451628758374,"control",NA
345.160089267751,495.717053350173,"control",NA
347.435596026305,497.280021464421,"control",NA
344.671236234148,499.518726049905,"control",NA
345.737971134898,498.513569678583,"control",NA
347.777660074297,498.690759469032,"control",NA
344.599902564881,497.992892467637,"control",NA
345.257909626977,497.982412391357,"control",NA
355.867409550582,489.830351794442,"control",NA
357.921684283856,493.128562662378,"control",NA
356.393566446018,490.733242967544,"control",NA
353.658227501512,490.304379266787,"control",NA
356.315376881487,494.041413851926,"control",NA
353.919106069336,491.319095958795,"control",NA
357.722433989427,492.871693074162,"control",NA
354.661002812376,491.880273199129,"control",NA
355.365395165332,491.094450515985,"control",NA
353.728920244449,493.453945429971,"control",NA
353.830236546628,489.95961205506,"control",NA
356.672923579075,491.7482238416,"control",NA
356.104360348713,490.928659478609,"control",NA
356.530476613939,491.196317473646,"control",NA
356.264667882755,492.067022509309,"control",NA
358.330739529085,488.411710893835,"control",NA
357.734892589765,489.931780664202,"control",NA
357.241236623228,489.308828891365,"control",NA
358.522913691189,489.874761970753,"control",NA
356.777173344496,488.046420060482,"control",NA
356.213214975023,488.625832843109,"control",NA
357.263399788751,490.074541537513,"control",NA
356.471982102484,488.93375705675,"control",NA
354.399486851078,488.220615511476,"control",NA
356.097935399095,486.998830654977,"control",NA
347.951278688484,500.429405659708,"control",NA
347.382600522962,499.289621991114,"control",NA
349.267923664354,498.523729337341,"control",NA
346.198597398999,501.741947204039,"control",NA
347.726164419074,499.28377048674,"control",NA
348.627579760099,498.864571468883,"control",NA
347.796870679356,499.933853352936,"control",NA
345.797104826334,503.648622888882,"control",NA
346.751488289905,499.600250125576,"control",NA
346.731623489949,499.634990028855,"control",NA
352.393740215396,495.060593537047,"control",NA
353.804228522916,493.307488989839,"control",NA
351.332738681339,497.286061640984,"control",NA
354.072519739274,496.075888081706,"control",NA
349.776162936869,495.895967563853,"control",NA
350.432656874033,493.766749336226,"control",NA
349.748104193695,493.76336435823,"control",NA
348.713154894985,497.225831502102,"control",NA
348.33657095387,497.358496294336,"control",NA
347.907700825225,496.440541028335,"control",NA
349.389066383575,495.831907543917,"control",NA
350.732662900745,497.042483696722,"control",NA
349.545751654004,496.929055003792,"control",NA
350.351575066837,496.333282742134,"control",NA
349.075146970315,498.635534321661,"control",NA
351.80221251766,498.592485236377,"control",NA
350.751566399053,498.455567549977,"control",NA
350.816039805303,500.371707544917,"control",NA
350.680910916607,499.569722745149,"control",NA
347.858745632192,491.256925779493,"control",NA
345.791211533834,492.444122545718,"control",NA
348.837345574503,491.863796020382,"control",NA
345.6175144717,494.504777411116,"control",NA
346.640759231434,491.688144888315,"control",NA
348.920121037535,494.799002708861,"control",NA
346.207999859076,495.191826026847,"control",NA
349.011594828611,494.17081376199,"control",NA
348.338736231081,493.677583489932,"control",NA
345.424051956916,490.553871673043,"control",NA
345.645604167899,491.840798090269,"control",NA
348.389454654956,490.545169891114,"control",NA
347.545575029286,491.96200178114,"control",NA
346.718097246624,492.973260280698,"control",NA
348.815452275547,492.230801605969,"control",NA
347.474131326842,490.411787148301,"control",NA
346.534872569197,492.439846068572,"control",NA
348.463787662489,491.622269878565,"control",NA
346.289555014575,490.395466662483,"control",NA
357.785115102219,496.8224852323,"control",NA
354.343515009988,497.602740775068,"control",NA
356.238885697811,498.04707336173,"control",NA
356.969992129582,497.509596579424,"control",NA
356.654285230748,499.496868354589,"control",NA
357.30986905759,498.638245430195,"control",NA
358.081135968745,497.687185637984,"control",NA
353.310841635642,496.413538649397,"control",NA
356.281638178282,498.923682565236,"control",NA
356.4519588952,496.66073694579,"control",NA
354.778339183772,495.605615403313,"control",NA
354.594550339452,498.855559476726,"control",NA
352.959463416969,498.124065268371,"control",NA
355.495525342874,499.63804375495,"control",NA
351.370600516484,499.746176590219,"control",NA
354.55153432141,499.101605526544,"control",NA
352.755355077393,499.092146380501,"control",NA
353.681596550907,499.508120407109,"control",NA
354.667436818507,498.611808113353,"control",NA
352.536046866091,498.308502814065,"control",NA
351.798757493773,499.629540611347,"control",NA
353.311215880759,500.365592761731,"control",NA
353.1094397825,498.586327685867,"control",NA
352.839872176649,497.68708768014,"control",NA
351.221940462587,499.635010405905,"control",NA
355.58892242958,501.068688819336,"control",NA
352.96772762024,499.949012182889,"control",NA
361.985887649433,494.354498673632,"control",NA
361.423258649248,495.476875518893,"control",NA
360.608279620771,494.767455201285,"control",NA
361.470506350711,497.151784414452,"control",NA
362.85325529053,494.918811076331,"control",NA
361.431856117553,496.420221599083,"control",NA
363.165120048457,493.507305441371,"control",NA
362.982285546796,492.909609398583,"control",NA
363.404795369538,492.46327271558,"control",NA
360.781318872371,487.044572866661,"control",NA
362.21905043635,491.332369926138,"control",NA
363.22723101684,489.149485255649,"control",NA
361.011900007176,490.118734328822,"control",NA
360.427058505281,488.838799601985,"control",NA
361.090497091145,490.516235053138,"control",NA
361.545466785897,490.270272623408,"control",NA
363.096944330137,490.317063044607,"control",NA
361.871914335794,492.075345747584,"control",NA
358.045506499273,488.712486703353,"control",NA
359.841386478876,489.455284268903,"control",NA
360.338627519036,487.828785466711,"control",NA
362.317420290008,483.512980520445,"control",NA
364.181009025424,485.730840897987,"control",NA
362.443195756044,486.685291723562,"control",NA
361.827428237449,486.915371691528,"control",NA
361.910108885634,484.415380520605,"control",NA
361.631497605528,485.338575259916,"control",NA
364.445258941488,486.181498957391,"control",NA
363.774899439871,491.656930636689,"control",NA
362.862313839588,490.744058645867,"control",NA
362.926759966721,488.032122922791,"control",NA
362.402349955369,485.079383127438,"control",NA
361.355037146683,486.897749744946,"control",NA
362.832875880211,485.39031772857,"control",NA
350.551836185382,522.079811418649,"control",NA
349.976120481561,523.308859512763,"control",NA
349.726728807052,523.727125927729,"control",NA
349.698933600547,519.851153151263,"control",NA
348.183708134895,520.775342605721,"control",NA
352.334079639368,522.227078134832,"control",NA
351.467018067951,514.532386827713,"control",NA
350.748485424735,517.144712249408,"control",NA
347.808228484957,518.900374593173,"control",NA
355.079023479196,518.717286356318,"control",NA
350.582234686951,517.538909094091,"control",NA
351.978863683508,518.999598567745,"control",NA
351.633117100985,518.328801254542,"control",NA
353.026647181137,517.138514853824,"control",NA
350.157675820453,517.358630200783,"control",NA
351.951612708891,518.316385949186,"control",NA
349.456788138064,516.091880040309,"control",NA
351.679286008679,516.395881358057,"control",NA
350.423099037452,518.009627507866,"control",NA
350.879687256003,519.800751783188,"control",NA
350.286205214856,517.470560803012,"control",NA
351.218079350084,519.066508597412,"control",NA
350.652016796247,525.191739792884,"control",NA
344.830380742797,523.218323155618,"control",NA
347.295516116197,525.324829300073,"control",NA
349.768990024044,526.075617927222,"control",NA
348.138488707941,522.82593835431,"control",NA
346.576414887393,524.189785956912,"control",NA
347.799478541034,523.29642265144,"control",NA
346.240712457686,524.786064364503,"control",NA
346.145803556595,525.925696434992,"control",NA
364.808783267332,524.213056720925,"control",NA
362.423962182173,522.625696604114,"control",NA
363.113011929679,522.63064835583,"control",NA
363.208724171289,524.479054562585,"control",NA
362.043018406321,525.153964084341,"control",NA
363.982545540917,522.532795831965,"control",NA
364.560210095751,523.418320195694,"control",NA
361.143117580149,523.239890233108,"control",NA
355.058742139797,528.653786810991,"control",NA
357.014379198492,529.015834808881,"control",NA
357.95212432764,527.714094459764,"control",NA
361.413494869759,526.506674614581,"control",NA
360.48846174419,527.173382486081,"control",NA
356.428310412492,525.725835242287,"control",NA
359.360225273035,524.289087229616,"control",NA
358.054154861543,523.116379259243,"control",NA
357.926110378612,525.300964335804,"control",NA
360.332312776322,524.131552500211,"control",NA
359.197836024025,524.803970386043,"control",NA
359.007214694705,524.052081125522,"control",NA
358.402752459562,525.821229154094,"control",NA
358.739925327611,522.943328572001,"control",NA
363.448500194812,513.623737516875,"control",NA
357.743166173629,516.039350806766,"control",NA
361.14111919933,517.168091371253,"control",NA
362.145701144979,518.830450801444,"control",NA
362.29343490374,519.999496062894,"control",NA
364.530417038754,515.981275447272,"control",NA
359.988348763055,517.498743379192,"control",NA
361.920810375913,515.908865916052,"control",NA
354.629832814392,527.824110478676,"control",NA
352.536782144237,525.580860897145,"control",NA
354.753195469986,527.643421846509,"control",NA
357.512209588755,523.171118292955,"control",NA
355.276827886259,520.642287441656,"control",NA
356.292420141076,521.078392899639,"control",NA
363.03182274646,518.56933653824,"control",NA
366.106866242746,519.577248322009,"control",NA
365.767543153818,520.380880495047,"control",NA
362.201305258084,521.223051435358,"control",NA
364.345954071663,520.066234473957,"control",NA
364.711742658236,520.77092576047,"control",NA
362.841744201751,522.64344040172,"control",NA
362.040036748345,520.864231721918,"control",NA
362.528796960358,523.053901988472,"control",NA
355.304965822191,520.204230146447,"control",NA
355.591328601414,520.133700486029,"control",NA
355.395453434375,520.305729860518,"control",NA
355.749734176451,527.063667828599,"control",NA
354.527260757707,524.898246810913,"control",NA
344.22756559279,519.35849770133,"control",NA
343.919964721043,521.115139259082,"control",NA
341.511206789224,516.360077747012,"control",NA
343.845159552432,518.050434107527,"control",NA
342.691410678208,521.25320712833,"control",NA
344.040908628852,519.930146999426,"control",NA
361.916071386293,522.079710307976,"control",NA
358.645150300257,521.128211435236,"control",NA
362.706408845655,521.597868169743,"control",NA
358.417431174595,523.195454017349,"control",NA
358.478395457681,524.49925411069,"control",NA
358.813091164635,521.961491284927,"control",NA
358.628496413538,521.501274211992,"control",NA
356.132246620761,519.852859493502,"control",NA
357.327841052363,519.941441663048,"control",NA
357.411522042055,520.222366534067,"control",NA
361.38677815147,508.743411755099,"control",NA
365.232082060968,510.551705257119,"control",NA
361.857277063567,507.389622404819,"control",NA
360.69675608693,508.284449476262,"control",NA
363.207622604732,508.398669849062,"control",NA
362.743151374808,510.256209331671,"control",NA
364.952945394686,505.470764649251,"control",NA
361.02360612466,506.724287512808,"control",NA
361.137224589887,506.609121978713,"control",NA
358.690928418782,507.062448379796,"control",NA
359.563356448362,508.386588838816,"control",NA
363.094094731388,508.602666267793,"control",NA
359.925053156524,508.005151514163,"control",NA
358.691467536525,510.166338734416,"control",NA
364.300914935282,503.71434147262,"control",NA
365.534163758747,505.694823014708,"control",NA
367.051193214182,503.78355129048,"control",NA
366.237119572333,502.325114511958,"control",NA
363.665568898365,504.202824732457,"control",NA
363.194225314861,503.684776325978,"control",NA
365.042341638243,504.175615706779,"control",NA
365.212333010372,503.972973026013,"control",NA
368.115866387718,505.914352691171,"control",NA
365.094945379876,507.905055383903,"control",NA
363.45107521347,506.205819996694,"control",NA
363.817448168801,504.989685832146,"control",NA
365.60477828401,508.05754567098,"control",NA
367.775021211321,507.744766721469,"control",NA
365.586750660737,506.528748919737,"control",NA
366.463519939254,505.460771983272,"control",NA
365.41322832685,506.851151676908,"control",NA
366.7501024735,506.387286713758,"control",NA
359.439807352979,507.65603656129,"control",NA
366.629528619521,506.076975135024,"control",NA
365.127007072584,504.046639168586,"control",NA
365.988521503333,508.5657137688,"control",NA
362.411721915714,506.953096418223,"control",NA
357.602807233516,504.003333768342,"control",NA
363.714156609168,507.063111093243,"control",NA
364.766484475467,504.633213565836,"control",NA
359.153860016718,506.208453231432,"control",NA
366.754636944634,507.972834211752,"control",NA
357.77403195346,503.655648041765,"control",NA
338.448980428854,513.837749233131,"control",NA
337.999349208838,517.883181062472,"control",NA
337.656504579382,515.960983920443,"control",NA
339.507051988058,513.815265647487,"control",NA
337.70574316777,515.324780625997,"control",NA
338.713584564004,514.565722711754,"control",NA
339.516842027716,513.997719261455,"control",NA
340.445159933107,516.831769325752,"control",NA
339.736003244456,513.917305709811,"control",NA
337.68434257584,518.783704834805,"control",NA
355.592469995547,514.273803847249,"control",NA
356.237656235378,514.549451766735,"control",NA
356.685193374735,514.46911844503,"control",NA
356.423289084803,515.96192664503,"control",NA
358.120290503697,517.594536694443,"control",NA
359.726996191306,518.753635529634,"control",NA
360.930470099566,520.369655011159,"control",NA
361.524693730596,521.368324396422,"control",NA
350.321259504918,526.879174606718,"control",NA
350.631184297032,524.077971569388,"control",NA
361.643864669215,505.30485800397,"control",NA
364.909448252044,506.329582169019,"control",NA
362.536030641264,498.858871716348,"control",NA
360.532195259974,499.312316006027,"control",NA
362.883164045209,504.967206139288,"control",NA
360.019092475603,503.73123109223,"control",NA
362.156005827383,503.395978202057,"control",NA
362.679591460286,503.315961637226,"control",NA
357.906837942449,502.494611684685,"control",NA
361.5270120711,504.001480119654,"control",NA
360.204587259872,506.211113940022,"control",NA
361.139403279231,501.525615581068,"control",NA
359.87524920177,505.635923502877,"control",NA
363.781133103695,505.854415430543,"control",NA
363.313971697925,505.285530027955,"control",NA
359.134858093008,501.361130971401,"control",NA
362.498990466221,502.491443639772,"control",NA
361.705648903817,505.541640048766,"control",NA
361.467480882721,504.01038256234,"control",NA
360.307882536366,503.440132811092,"control",NA
360.680359267231,505.06002127455,"control",NA
354.416970006388,521.837384759137,"control",NA
354.252870918996,519.951995550618,"control",NA
350.624865695792,526.87297218794,"control",NA
352.735303607958,526.468411395942,"control",NA
352.377882612706,526.937693877177,"control",NA
366.569643077718,518.282872652992,"control",NA
364.612186148122,521.077456307284,"control",NA
366.22038502195,518.345865839521,"control",NA
364.399075014707,518.944625346994,"control",NA
366.359458495429,520.078807529767,"control",NA
366.277209782832,523.548172272523,"control",NA
365.235336245284,523.343067184884,"control",NA
366.109714843761,522.943173904981,"control",NA
368.562306797122,517.10480989769,"control",NA
367.484314659554,516.605347721338,"control",NA
368.116921776695,517.924517501291,"control",NA
366.654254828736,516.473809775344,"control",NA
366.0697998838,516.10141271577,"control",NA
368.791812822581,517.278172957185,"control",NA
370.356021090622,524.45527239029,"control",NA
373.158239142885,520.198370886996,"control",NA
371.049713236071,521.04205133632,"control",NA
372.903885636763,520.524609512079,"control",NA
373.574702189138,520.392395778547,"control",NA
369.990689301331,523.802417582655,"control",NA
370.640785706441,519.221830298694,"control",NA
373.390086417662,520.786697343338,"control",NA
345.97215874035,511.61124557111,"control",NA
359.169658758841,514.170855150562,"control",NA
348.664283333977,512.493878616872,"control",NA
350.122650224056,511.567928505574,"control",NA
353.545811547196,515.995723743703,"control",NA
351.616285937536,516.395080692938,"control",NA
358.373566036566,511.108759601546,"control",NA
349.02999600632,514.309046569824,"control",NA
342.013632812742,489.25392088904,"control",NA
341.933404540623,486.913469449408,"control",NA
339.22717938819,491.409194834701,"control",NA
341.859869258735,491.877038035972,"control",NA
339.605124512103,488.441107779923,"control",NA
342.319002802495,486.845123780387,"control",NA
342.26161628249,487.540415747679,"control",NA
341.552622366559,491.188726209636,"control",NA
341.591057670672,486.595399353346,"control",NA
342.377281092889,488.666146291578,"control",NA
340.689964917755,489.022855505012,"control",NA
340.633074156679,488.654629588619,"control",NA
341.691494052448,487.337319152898,"control",NA
341.935281301037,489.16813427314,"control",NA
340.215229453522,490.987708778817,"control",NA
338.17081822461,490.290521116981,"control",NA
340.031581158739,489.375852288896,"control",NA
335.635120962076,495.691985889027,"control",NA
337.66563045077,498.09966716874,"control",NA
337.31698905079,495.665197589091,"control",NA
338.265850867229,493.599795821149,"control",NA
333.862979765254,497.050295049274,"control",NA
336.5049110541,498.298228358572,"control",NA
333.558459374347,499.421452423658,"control",NA
335.025212233592,498.316649148131,"control",NA
333.571489526175,499.492029208228,"control",NA
334.215742026215,499.936431542744,"control",NA
335.943059948681,496.925837128768,"control",NA
335.80209505931,498.264257111895,"control",NA
334.28368273553,496.197492425248,"control",NA
335.083782993855,499.945153883025,"control",NA
332.287130545951,495.175266829537,"control",NA
335.368466532077,491.193782771128,"control",NA
336.634898294837,492.739063763305,"control",NA
337.343635487619,491.841490772955,"control",NA
332.290485333875,493.706201619365,"control",NA
333.950910959777,491.611145133617,"control",NA
338.332867892861,500.665221977578,"control",NA
332.940422710835,501.311835446127,"control",NA
334.622859767187,500.700373800904,"control",NA
376.733169857139,491.992003220796,"control",NA
374.489722256984,490.565071598029,"control",NA
372.25746987922,491.149883312033,"control",NA
374.135212034575,489.993763992938,"control",NA
374.847705540576,491.133475648075,"control",NA
377.372217435111,494.539862110463,"control",NA
375.534473070395,490.244579081071,"control",NA
377.279366327741,489.73632047925,"control",NA
373.609673894893,490.220186376081,"control",NA
372.032766218622,491.205063661479,"control",NA
374.614516247882,489.812940410301,"control",NA
371.983195054375,488.962547678415,"control",NA
378.455580805269,490.621548419048,"control",NA
373.685375058158,490.0801858262,"control",NA
373.317485523022,490.517474216134,"control",NA
371.203186859568,490.950456849073,"control",NA
364.78444525148,493.182315007536,"control",NA
362.493152055252,498.220042809634,"control",NA
368.829768623231,493.083923206679,"control",NA
365.871920374348,492.076779437565,"control",NA
362.984062972048,496.506735656782,"control",NA
364.502273345964,496.165377026342,"control",NA
369.265673982676,491.771834673791,"control",NA
367.613175415324,493.815927984309,"control",NA
366.711980796618,492.229311391379,"control",NA
367.030498913942,490.677472643341,"control",NA
368.327832938928,490.557022542829,"control",NA
361.296023509524,497.091147571666,"control",NA
369.368904092311,493.445670097805,"control",NA
362.963993620415,492.014589977334,"control",NA
367.795169619437,492.098219100017,"control",NA
368.82176269329,498.489508519309,"control",NA
368.140783513313,495.676723424066,"control",NA
363.767931113763,490.446577885585,"control",NA
369.55261724686,491.290194270463,"control",NA
372.332787944513,498.21464560087,"control",NA
368.68628418667,494.619484539922,"control",NA
363.030898033754,492.158942009436,"control",NA
362.82434686952,494.220375881863,"control",NA
363.842987529562,493.157472747334,"control",NA
368.982081440677,495.422959856481,"control",NA
365.947549086393,491.180411504069,"control",NA
362.211494782012,491.845513359751,"control",NA
363.359335795486,494.328278465802,"control",NA
361.85999033647,496.652953318212,"control",NA
362.052361396365,495.512622415892,"control",NA
363.459621865522,494.864723837119,"control",NA
364.238807820288,495.397003995636,"control",NA
363.686228431309,494.47847803344,"control",NA
367.873768440182,496.857780944801,"control",NA
361.376882102093,489.720127110915,"control",NA
368.061033880148,492.886887542791,"control",NA
368.785438412681,492.786565294644,"control",NA
369.276273191835,495.796100429315,"control",NA
363.935108195229,492.200435154071,"control",NA
365.432497666812,491.638745359782,"control",NA
365.092389797329,494.750326879227,"control",NA
366.619951973427,491.42715129572,"control",NA
372.097163564169,491.615874100573,"control",NA
368.114180040733,495.696513994764,"control",NA
371.588033231228,495.085116575868,"control",NA
369.36498558518,493.305536709097,"control",NA
367.699148065498,492.2492819438,"control",NA
368.557988385978,495.906032929529,"control",NA
361.120237381369,489.065539158099,"control",NA
372.868843027394,495.151944839338,"control",NA
382.765879794607,533.594768045668,"control",NA
390.261065013665,530.668112722663,"control",NA
389.034913351097,528.657063252658,"control",NA
385.896123074965,529.719431589658,"control",NA
387.783415449888,529.488035649833,"control",NA
386.633822083483,531.46708565495,"control",NA
383.445366801077,532.33862809317,"control",NA
389.188679244065,530.838573593591,"control",NA
383.107866365917,533.082263259495,"control",NA
387.673973892771,530.595774005396,"control",NA
385.686383120712,528.38182954124,"control",NA
388.21790674999,529.05992743856,"control",NA
388.876155783746,529.897959126916,"control",NA
383.496101775044,532.242227464093,"control",NA
386.257359491319,529.907994167289,"control",NA
386.082399792949,528.938198319362,"control",NA
385.947967453114,530.891181359895,"control",NA
384.960508708888,531.854947383619,"control",NA
387.591406727948,528.648502025242,"control",NA
383.141098062142,532.947200463411,"control",NA
385.276613917556,530.116326101432,"control",NA
382.246643305543,533.390966847892,"control",NA
386.65007340243,531.557843858364,"control",NA
382.725982745664,534.845454638021,"control",NA
387.433504711455,532.023805568981,"control",NA
384.859451988362,529.644073068685,"control",NA
396.039601866045,525.571678645641,"control",NA
395.506967943233,525.657898650341,"control",NA
396.494639509229,526.677641015277,"control",NA
392.704346600385,525.226133380933,"control",NA
397.584166218284,526.053826592838,"control",NA
395.975967129871,525.295685628474,"control",NA
394.200707757169,525.474451305119,"control",NA
394.965351469512,526.955398311128,"control",NA
394.374562423832,524.615476698743,"control",NA
397.338294191947,528.383887713926,"control",NA
395.075349506986,526.757087898705,"control",NA
395.708039189211,523.241826893233,"control",NA
393.550748554005,527.324193399488,"control",NA
392.932959260854,525.901492656205,"control",NA
395.089329526854,529.655879870725,"control",NA
394.025743022556,526.561494349338,"control",NA
394.596412433453,530.681475538984,"control",NA
396.754235615768,526.830105327054,"control",NA
396.744938638692,525.465929045647,"control",NA
395.76285846855,527.093003468879,"control",NA
392.352111862215,530.661116653223,"control",NA
394.120228462326,527.351581518302,"control",NA
390.647965312977,530.317590826032,"control",NA
391.271014704635,528.772620487072,"control",NA
390.329900760843,527.872970630972,"control",NA
390.030766142293,526.648635008057,"control",NA
390.783299585049,530.05597155882,"control",NA
390.766174041957,529.664819485428,"control",NA
390.688534811987,527.821844075462,"control",NA
392.779697272481,525.77490753676,"control",NA
392.103401163926,528.534295707391,"control",NA
393.295648329508,526.187863711695,"control",NA
389.317772670618,530.096871143778,"control",NA
392.020840241513,545.492435910945,"control",NA
394.651894351629,547.651273852412,"control",NA
397.58285750223,548.062321834044,"control",NA
393.064690522812,549.264519724451,"control",NA
402.237212521219,535.219163854739,"control",NA
401.9242452145,535.992515601554,"control",NA
398.633916875618,539.006116216075,"control",NA
404.003013175275,536.31097529643,"control",NA
396.628164075842,537.490887596949,"control",NA
398.534732440357,539.037182774198,"control",NA
399.509344180165,536.926614814332,"control",NA
401.048377259399,537.89443072837,"control",NA
400.187519260788,536.617546046792,"control",NA
401.481926410186,536.016977972548,"control",NA
400.295782265872,536.528244625534,"control",NA
399.739587829289,538.650929966743,"control",NA
398.738808850689,540.346503922183,"control",NA
396.679298225293,538.278231220456,"control",NA
398.675830901104,538.859975179741,"control",NA
395.705142528369,539.627414086718,"control",NA
393.996053055898,538.748657706365,"control",NA
390.302623438676,538.335897927143,"control",NA
396.026935461768,541.457086790944,"control",NA
391.436264201368,544.282533857266,"control",NA
399.336872020643,539.45443740148,"control",NA
401.177151528422,538.529476208299,"control",NA
394.631050906105,538.414435948129,"control",NA
394.745166970766,537.706900855558,"control",NA
395.307911242711,538.279335878015,"control",NA
396.809431913588,537.116514803197,"control",NA
393.967828842767,537.923647401483,"control",NA
389.709910396391,539.693540151952,"control",NA
389.953670845249,539.254128395781,"control",NA
390.091941269547,540.013199206584,"control",NA
392.640546615747,538.462456011833,"control",NA
392.970115071556,538.220312395686,"control",NA
392.312583381957,536.187423414138,"control",NA
393.413963705771,539.735161907815,"control",NA
395.863792969655,540.293345303568,"control",NA
392.640564678715,540.489994650894,"control",NA
388.238268711625,538.037193962055,"control",NA
390.891603922144,538.688719725742,"control",NA
389.183500389281,538.891871037088,"control",NA
388.270627545095,537.892680151441,"control",NA
388.94282834287,539.174011200782,"control",NA
386.572594499991,539.138114789643,"control",NA
386.055750771012,540.635691671922,"control",NA
385.900666309951,536.846083470121,"control",NA
387.112658573078,540.073721756435,"control",NA
386.34816563504,540.471075821106,"control",NA
384.590822992001,541.551376236018,"control",NA
384.458309109392,541.67222330349,"control",NA
385.488113720676,541.710752534211,"control",NA
385.06247671862,540.094141708897,"control",NA
397.620685319825,534.412413448634,"control",NA
385.124334184836,539.893466957115,"control",NA
382.924829759067,539.348543851595,"control",NA
385.555790636202,538.532168877181,"control",NA
385.966192602934,536.116041548876,"control",NA
389.225846429701,538.569376406722,"control",NA
386.621417416323,537.905136067778,"control",NA
386.435377855453,537.311372701277,"control",NA
390.354744066771,537.484709756223,"control",NA
390.189679824991,538.863466851818,"control",NA
386.661546652115,540.879244868447,"control",NA
388.444012444896,539.138246738131,"control",NA
390.356638933361,536.097253768294,"control",NA
386.922252420302,540.993252993322,"control",NA
400.941374513137,539.237391778855,"control",NA
398.152609879736,541.320339976947,"control",NA
392.068209311001,542.702925475418,"control",NA
385.143874402608,538.68698711847,"control",NA
388.717578790365,537.840921730416,"control",NA
386.825465194811,541.579286325565,"control",NA
386.642923560916,539.62221806669,"control",NA
382.432262224528,542.420286570313,"control",NA
394.996868528931,537.059957862228,"control",NA
402.22069375985,536.994730152464,"control",NA
390.716987473592,540.255272830733,"control",NA
382.186859366216,541.026754765573,"control",NA
392.617343359133,538.69058027072,"control",NA
394.09025287558,536.126872482848,"control",NA
387.093584044626,538.250550270383,"control",NA
386.661856551838,539.776311138955,"control",NA
388.345139727152,537.443640572453,"control",NA
390.440438410603,542.175917278733,"control",NA
388.674084791948,537.377381189383,"control",NA
387.832997966044,539.170783745507,"control",NA
388.836734444479,537.811441405367,"control",NA
397.775544792643,535.199383710551,"control",NA
395.419951388544,539.640679630016,"control",NA
398.551230910401,515.550155456963,"control",NA
392.983405377256,515.74073160211,"control",NA
400.383374251162,514.896576121077,"control",NA
398.760475254478,517.984447774903,"control",NA
400.434831762182,517.298832963568,"control",NA
385.556019688231,522.20683568153,"control",NA
392.317450947489,521.423228629068,"control",NA
390.825542359638,523.200721080148,"control",NA
394.130937692483,525.090402098224,"control",NA
393.264514167689,522.36365338564,"control",NA
393.541301208591,522.652430275306,"control",NA
394.366638813193,522.530013289808,"control",NA
384.277353610101,529.068084505572,"control",NA
392.411259071501,521.453142677124,"control",NA
392.312181029227,520.010414355148,"control",NA
392.326752001927,522.995610667444,"control",NA
385.12369675323,520.78468570867,"control",NA
394.052410090221,525.601008459469,"control",NA
392.338324168086,522.695679759823,"control",NA
396.691617029992,526.165277130002,"control",NA
393.390006294546,521.300489784666,"control",NA
392.43976976213,519.94271357993,"control",NA
393.402269740418,520.832907268867,"control",NA
396.613660243596,522.458218233064,"control",NA
395.479330073836,522.396379542814,"control",NA
391.506608520867,520.191769531142,"control",NA
396.774972249008,524.237855510687,"control",NA
394.752658310065,521.905358211925,"control",NA
394.508673018874,522.82320605705,"control",NA
395.734671348271,523.22478802751,"control",NA
397.244493476231,524.310858104572,"control",NA
389.240462890978,519.683005827269,"control",NA
398.72785156903,515.757179293555,"control",NA
402.547870865678,513.195390955832,"control",NA
395.856651894108,511.999443889482,"control",NA
398.710679179795,515.118483810484,"control",NA
392.215536819088,513.643276410103,"control",NA
397.593523429413,514.438307256175,"control",NA
395.788701181454,510.538722491588,"control",NA
401.668618270364,512.959918209034,"control",NA
399.778410276469,514.781538298345,"control",NA
399.254845331086,513.279481251738,"control",NA
399.26429353278,513.483268329767,"control",NA
394.09575527616,511.730844145626,"control",NA
398.620667329694,513.170614040473,"control",NA
401.214029806748,514.702548321145,"control",NA
397.767604168455,513.35107432517,"control",NA
397.903262288987,514.457229433061,"control",NA
397.923614655333,513.577987450838,"control",NA
400.905692000117,514.333851628043,"control",NA
395.882147680352,511.131333223358,"control",NA
403.319088458197,513.64454109915,"control",NA
401.303448107222,518.73778146216,"control",NA
399.33071178601,520.590402371872,"control",NA
395.977050276386,517.753182391938,"control",NA
399.639936820019,519.500074223955,"control",NA
394.075549335366,519.709120810642,"control",NA
400.922785496435,520.264170988228,"control",NA
398.531000378592,519.6722640454,"control",NA
393.722851562141,517.302523517526,"control",NA
401.296002639627,519.113874234224,"control",NA
396.549304315637,519.040122127755,"control",NA
397.780993815323,520.102500965057,"control",NA
398.258157373692,517.099132291043,"control",NA
397.981617329236,519.44753397961,"control",NA
402.616001687191,516.132450686101,"control",NA
393.448204824307,517.252765188677,"control",NA
389.327057202927,527.100543658507,"control",NA
390.835968458245,526.209420759227,"control",NA
394.245733936255,525.042866961671,"control",NA
392.049472207944,524.329068805611,"control",NA
394.434543812341,523.814910021005,"control",NA
390.765201240614,528.207195787368,"control",NA
397.466987802336,521.948806240066,"control",NA
390.89063748856,519.330431332012,"control",NA
398.972219423729,522.06028392917,"control",NA
398.916335960467,519.511811144569,"control",NA
393.812869432429,520.159157069173,"control",NA
397.260505501712,519.273850753328,"control",NA
396.483209223414,518.789561151456,"control",NA
395.705653281462,519.962527211135,"control",NA
400.229284076732,520.47476191104,"control",NA
398.836344759833,522.657540369064,"control",NA
397.509503152817,519.087892262223,"control",NA
398.693786416475,519.80166539964,"control",NA
393.631123509129,517.734279140869,"control",NA
382.067047127959,558.276896252176,"control",NA
382.107643599112,559.308864391747,"control",NA
382.987735177065,557.943000395633,"control",NA
382.040236468228,559.107548250962,"control",NA
381.212441452292,557.155679654797,"control",NA
380.990196975587,556.856950037974,"control",NA
383.592956541931,549.506302781133,"control",NA
383.043005652203,554.730349627847,"control",NA
380.179942424874,558.526194248944,"control",NA
385.11887599456,559.80354040303,"control",NA
384.61015603204,547.667840290311,"control",NA
383.131692496611,546.295332782851,"control",NA
379.11792926504,557.110311237945,"control",NA
381.45523169159,555.844247604096,"control",NA
381.944634191725,555.002773048801,"control",NA
380.999084405453,557.011912222991,"control",NA
380.289663358036,556.210322313011,"control",NA
382.924214515915,558.681130300494,"control",NA
383.787864295895,556.478863829244,"control",NA
383.959547286444,553.257135931171,"control",NA
383.538174447269,553.706812206379,"control",NA
383.434072928204,556.53697524576,"control",NA
383.039779575106,555.580057376621,"control",NA
383.263260385266,557.555311889403,"control",NA
383.959008282038,555.606287018654,"control",NA
383.207467180024,555.836606817917,"control",NA
382.384139489211,552.662615680793,"control",NA
383.498769798197,556.162681401183,"control",NA
380.979765238846,554.954070730345,"control",NA
384.069661432818,552.334005753465,"control",NA
383.825482167909,553.215072549418,"control",NA
382.786671045244,550.077608875838,"control",NA
381.678741343285,552.197373120322,"control",NA
383.773816792997,552.675481847896,"control",NA
384.846037456575,551.010681779071,"control",NA
383.96155455349,545.155091203032,"control",NA
384.15748293976,550.087903534832,"control",NA
383.219728143425,549.402620487334,"control",NA
383.662870374726,545.235793788007,"control",NA
386.567332051708,552.71881784715,"control",NA
385.62221677704,551.373186796288,"control",NA
383.976623587127,549.348222259478,"control",NA
383.888474626493,548.59011618114,"control",NA
385.129643556336,549.085610545758,"control",NA
384.695120175068,557.409433590882,"control",NA
381.836579713585,554.783787859678,"control",NA
382.391695353616,551.675008515437,"control",NA
383.593898654827,553.038898575791,"control",NA
381.903614542516,554.906112030921,"control",NA
382.926063578635,547.237052599223,"control",NA
383.826262767483,547.633049404724,"control",NA
383.20312554375,548.833132157739,"control",NA
385.134295973235,548.031257543932,"control",NA
383.817971976307,550.58283473592,"control",NA
384.008687024721,555.313023018713,"control",NA
385.209281467499,547.84755735666,"control",NA
383.61038352804,548.555069224765,"control",NA
391.049549597866,550.092873857769,"control",NA
390.019178679216,551.131827741728,"control",NA
393.073488337456,550.671701615621,"control",NA
391.358181378808,551.863744356274,"control",NA
391.147388687443,555.168980559487,"control",NA
389.217644538157,556.371843460539,"control",NA
393.17740606956,555.828342402656,"control",NA
390.660727732117,555.237005187988,"control",NA
388.384496343132,557.758933783598,"control",NA
389.193454619711,557.462757691783,"control",NA
390.822053319672,559.038413901343,"control",NA
392.947617208806,558.653495068262,"control",NA
394.639792804693,557.873628633605,"control",NA
391.316002950898,558.173128844858,"control",NA
391.102466173227,557.154941568846,"control",NA
392.578983196787,558.9172665387,"control",NA
390.045193130814,557.746064914576,"control",NA
390.312221930019,554.078176374238,"control",NA
391.769266650226,557.124330784758,"control",NA
387.859975161473,558.644897795411,"control",NA
393.644542198245,554.147988487861,"control",NA
390.365009295957,555.981451007466,"control",NA
388.720210672611,557.28997915667,"control",NA
392.607704056973,554.696158674482,"control",NA
397.342446241697,552.799391231566,"control",NA
395.668526153942,552.636149864532,"control",NA
395.781670335573,551.697265171839,"control",NA
393.656578649925,552.009293146908,"control",NA
377.499811248011,550.099565191294,"control",NA
377.446945693532,551.018585935371,"control",NA
378.085046532603,551.909077256528,"control",NA
379.14472618229,551.948437142308,"control",NA
376.952602592244,551.370483651439,"control",NA
381.07362867158,546.254707401737,"control",NA
376.955135684902,550.32634303597,"control",NA
379.442181501936,550.272011569786,"control",NA
379.050962202914,548.185731991739,"control",NA
379.109883388882,552.341739623604,"control",NA
378.944206108086,550.98899539279,"control",NA
379.247071188683,551.430520007603,"control",NA
379.980893125589,550.483322126593,"control",NA
378.634889027701,552.732745883901,"control",NA
378.429979925885,549.718343552318,"control",NA
373.568108074635,549.176574181176,"control",NA
369.451488812715,549.860271576713,"control",NA
369.363976842277,551.973420668315,"control",NA
368.783240402182,548.63826684734,"control",NA
368.5356872766,548.0195201821,"control",NA
367.978721893843,552.795741780577,"control",NA
365.911134298502,553.604665135803,"control",NA
368.921257405693,554.054657078361,"control",NA
366.451397906649,554.473383456871,"control",NA
367.736686534432,554.117394458829,"control",NA
367.318248770913,555.048791562372,"control",NA
369.33773829234,550.666159250867,"control",NA
366.338847211981,551.06072937191,"control",NA
366.502520002641,550.627989432604,"control",NA
365.761211725046,553.357473793413,"control",NA
366.800471705375,552.595454115401,"control",NA
365.975574341452,548.940113387228,"control",NA
373.215204150091,549.709328517317,"control",NA
367.668818508857,554.454689690865,"control",NA
369.702776089068,550.215060590385,"control",NA
395.106948408565,497.834496954154,"control",NA
395.778423966045,498.738464399982,"control",NA
400.532342259401,498.814750120525,"control",NA
394.947116749455,496.837921916788,"control",NA
393.318411682985,501.074410941051,"control",NA
388.442225183941,501.593316659587,"control",NA
388.574910481668,497.957614323521,"control",NA
383.334302433702,500.170927507814,"control",NA
390.537085443151,498.334428229007,"control",NA
388.811539192923,498.811631331586,"control",NA
392.917467032111,497.129504325628,"control",NA
386.746093986967,500.585862528671,"control",NA
389.764017797102,500.758267994349,"control",NA
387.409917886947,499.245249600304,"control",NA
393.422465248281,498.136331232444,"control",NA
389.81026697589,499.070761349324,"control",NA
389.431667037377,498.457077255917,"control",NA
388.322315237896,500.481499463509,"control",NA
389.85542927405,496.765215350567,"control",NA
387.968611958868,502.136610539289,"control",NA
392.353799680917,496.863645104578,"control",NA
388.593234391201,501.582065658902,"control",NA
389.175415241303,499.197803022086,"control",NA
388.757824429789,502.04695464131,"control",NA
388.828118905898,500.090496175818,"control",NA
390.408063386273,499.658588458465,"control",NA
394.108206381036,496.704312481885,"control",NA
389.235778993462,497.850026006391,"control",NA
389.684007465361,496.231145636052,"control",NA
388.97282167421,502.657387045571,"control",NA
388.132760478805,501.974044048102,"control",NA
388.201250218082,501.345442727351,"control",NA
394.111520557895,492.918321853714,"control",NA
394.564239744626,490.34948755948,"control",NA
395.63756087741,491.983633670612,"control",NA
396.490585826481,491.945423594983,"control",NA
392.399746193421,493.331630119252,"control",NA
394.973178045738,490.794853689325,"control",NA
395.321873314652,491.012281299084,"control",NA
395.704339258695,492.980070639755,"control",NA
387.424682693705,489.828231558846,"control",NA
389.00285502723,489.930895450824,"control",NA
379.044931692375,496.971312063153,"control",NA
383.24311885688,487.103628352422,"control",NA
388.735231399788,491.202298072994,"control",NA
382.377834194941,493.45792403021,"control",NA
384.581118356136,489.113605700391,"control",NA
385.931204862696,487.092891713155,"control",NA
386.645067849038,489.259957109486,"control",NA
385.521713334267,488.567459295557,"control",NA
387.601850010943,488.254954758734,"control",NA
386.13350251252,490.566891658219,"control",NA
389.211594527986,488.461880264378,"control",NA
386.886631855906,488.522319758035,"control",NA
382.56349148845,486.478214496779,"control",NA
389.505333001749,489.554454771089,"control",NA
386.646144482582,490.809743722225,"control",NA
384.343806735193,490.12832250078,"control",NA
385.066222885778,489.368620966194,"control",NA
384.66321084012,488.657157529732,"control",NA
389.706727945974,489.300516218019,"control",NA
385.030964476088,488.539291694966,"control",NA
385.873736789723,490.698028871179,"control",NA
383.332562125465,487.090001663558,"control",NA
379.904339081135,486.525757220933,"control",NA
386.054881967092,490.033750606193,"control",NA
389.43870901074,487.922864450942,"control",NA
387.334781859117,490.95672863806,"control",NA
384.956098134587,487.791605367364,"control",NA
385.671854362608,490.742038216132,"control",NA
387.955112737556,489.677092073338,"control",NA
382.697244774162,492.990315898071,"control",NA
386.859273068901,490.611046584175,"control",NA
384.401955113252,489.670326416063,"control",NA
385.000282277532,488.241038510078,"control",NA
388.513105278721,490.192786503771,"control",NA
389.731879394886,488.401596261505,"control",NA
385.759803000797,487.788669910441,"control",NA
388.955053219774,490.721961703628,"control",NA
385.95390271439,489.795489507341,"control",NA
388.02283173805,489.86371703167,"control",NA
386.588457320172,491.236696888977,"control",NA
385.65095207439,486.811167795207,"control",NA
387.644056772427,488.620423884109,"control",NA
380.800317214061,484.952943211542,"control",NA
385.314153045384,492.425771583047,"control",NA
389.475379719375,490.994075335099,"control",NA
383.380428372967,495.313887046456,"control",NA
387.276633035505,494.235814246175,"control",NA
385.174647115584,492.562486848327,"control",NA
389.388985059158,490.9065471847,"control",NA
387.179943717886,490.68577601427,"control",NA
385.242363745588,491.287728611748,"control",NA
378.225162523627,494.216226584071,"control",NA
381.388799597759,493.452961849549,"control",NA
390.292781431248,492.365666397947,"control",NA
384.229146037777,490.034809737852,"control",NA
382.31163861927,496.184828427746,"control",NA
391.205214593238,491.112041115778,"control",NA
390.703279279684,490.42856590163,"control",NA
393.021775635353,492.797107664807,"control",NA
390.283165867761,489.878660721813,"control",NA
392.380657218754,492.394220702377,"control",NA
349.905090201764,497.721127069631,"control",NA
394.262176003196,521.921262245394,"control",NA
389.833061957893,538.023908864647,"control",NA
393.403772516229,543.538259149246,"control",NA
400.977522781157,537.558287792449,"control",NA
384.46352669282,548.226644691415,"control",NA
379.879087884848,494.431957890907,"control",NA
388.867556324436,489.12273116968,"control",NA
